Buy Day,Sell Day,Buy Price,Predicted Sell,Actual Sell,Profit/Loss,Cumulative Profit,,,,,Buy Day,Sell Day,Buy Price,Predicted Sell,Actual Sell,Profit/Loss,Cumulative Profit,,,,,Return percent 
45,46,$36.03,$36.11,$35.44,-$0.60,-$0.60,,Profitable Trades,Unprofitable Trades,,1,2,37.96,38.95,38.74,0.78,0.78,,0.78,-0.71,,-0.01665278934
46,47,$35.44,$36.15,$34.99,-$0.45,-$1.04,,$0.33,-$0.60,,2,3,38.74,38.94,38.04,-0.71,0.07,,0.18,-0.28,,
47,48,$34.99,$36.22,$34.82,-$0.17,-$1.21,,$0.03,-$0.45,,3,4,38.04,38.92,37.76,-0.28,-0.2,,0.68,-0.09,,
48,49,$34.82,$36.29,$35.16,$0.33,-$0.88,,$0.02,-$0.17,,4,5,37.76,38.9,37.94,0.18,-0.02,,0.72,-0.54,,
49,50,$35.16,$36.36,$35.18,$0.03,-$0.85,,$0.39,-$0.09,,5,6,37.94,38.89,37.85,-0.09,-0.11,,0.55,-0.08,,
50,51,$35.18,$36.42,$35.20,$0.02,-$0.83,,$0.01,-$0.32,,6,7,37.85,38.87,37.31,-0.54,-0.65,,0.27,-0.04,,
51,52,$35.20,$36.43,$35.59,$0.39,-$0.45,,$0.53,-$0.06,,7,8,37.31,38.84,37.23,-0.08,-0.74,,0.03,-0.04,,
52,53,$35.59,$36.42,$35.50,-$0.09,-$0.53,,$0.21,-$0.85,,8,9,37.23,38.82,37.19,-0.04,-0.77,,0.08,-0.25,,
53,54,$35.50,$36.38,$35.51,$0.01,-$0.53,,$0.15,-$0.07,,9,10,37.19,38.8,37.15,-0.04,-0.81,,0.18,-0.17,,
54,55,$35.51,$36.33,$36.03,$0.53,$0.00,,$0.16,-$0.37,,10,11,37.15,38.78,37.83,0.68,-0.13,,0.01,-0.01,,
55,56,$36.03,$36.28,$35.71,-$0.32,-$0.32,,$0.10,-$0.35,,11,12,37.83,38.78,37.59,-0.25,-0.38,,0.15,-0.06,,
56,57,$35.71,$36.23,$35.65,-$0.06,-$0.39,,$0.04,-$0.02,,12,13,37.59,38.79,38.3,0.72,0.34,,0.36,-0.29,,
57,58,$35.65,$36.17,$34.80,-$0.85,-$1.24,,$0.54,-$0.43,,13,14,38.3,38.79,38.85,0.55,0.89,,0.2,-1.29,,
58,59,$34.80,$36.11,$35.01,$0.21,-$1.03,,$0.00,-$0.25,,15,16,38.56,38.81,38.83,0.27,1.16,,0.05,-0.09,,
59,60,$35.01,$36.09,$35.16,$0.15,-$0.88,,$0.11,-$0.15,,25,26,39.1,39.88,39.13,0.03,1.19,,0.02,-0.5,,
60,61,$35.16,$36.12,$35.09,-$0.07,-$0.95,,$0.39,-$0.02,,26,27,39.13,39.94,38.96,-0.17,1.02,,0.29,-0.25,,
61,62,$35.09,$36.15,$35.24,$0.16,-$0.79,,$0.04,-$0.20,,27,28,38.96,39.97,38.96,-0.01,1.01,,0.15,-0.04,,
62,63,$35.24,$36.17,$35.34,$0.10,-$0.69,,$0.13,-$0.29,,28,29,38.96,39.97,38.9,-0.06,0.96,,0.15,-0.13,,
63,64,$35.34,$36.17,$35.38,$0.04,-$0.66,,$0.37,-$0.32,,29,30,38.9,39.96,38.62,-0.29,0.67,,0.41,-0.04,,
64,65,$35.38,$36.15,$35.01,-$0.37,-$1.03,,$0.44,-$0.39,,30,31,38.62,39.96,38.7,0.08,0.75,,0.22,-0.29,,
65,66,$35.01,$36.12,$34.66,-$0.35,-$1.38,,$0.60,-$0.30,,31,32,38.7,39.95,38.88,0.18,0.94,,0.22,-0.6,,
66,67,$34.66,$36.09,$34.64,-$0.02,-$1.39,,$0.35,-$1.68,,32,33,38.88,39.94,37.59,-1.29,-0.35,,0.34,-0.63,,
67,68,$34.64,$36.08,$35.18,$0.54,-$0.85,,$0.01,-$0.26,,33,34,37.59,40.07,37.5,-0.09,-0.44,,1.03,-0.42,,
68,69,$35.18,$36.10,$35.18,$0.00,-$0.85,,$0.31,-$0.24,,34,35,37.5,40,37.01,-0.5,-0.94,,0.55,-0.09,,
69,70,$35.18,$36.13,$35.30,$0.11,-$0.74,,$0.32,-$0.04,,35,36,37.01,39.87,36.76,-0.25,-1.19,,0.3,-0.07,,
70,71,$35.30,$36.17,$34.87,-$0.43,-$1.17,,$0.98,-$0.02,,36,37,36.76,39.74,36.72,-0.04,-1.22,,0.07,-0.07,,
71,72,$34.87,$36.20,$34.62,-$0.25,-$1.41,,$0.41,-$0.23,,37,38,36.72,39.28,36.73,0.01,-1.21,,0.51,-0.16,,
72,73,$34.62,$35.51,$35.01,$0.39,-$1.03,,$0.39,-$0.19,,38,39,36.73,39.15,36.6,-0.13,-1.34,,0.03,-0.18,,
73,74,$35.01,$35.71,$35.04,$0.04,-$0.99,,$0.15,-$0.44,,39,40,36.6,39.07,36.75,0.15,-1.2,,0.63,-0.06,,
74,75,$35.04,$35.95,$35.17,$0.13,-$0.86,,$0.28,-$0.27,,40,41,36.75,39.03,36.71,-0.04,-1.23,,0.26,-0.17,,
75,76,$35.17,$35.97,$35.54,$0.37,-$0.49,,$0.15,-$0.05,,41,42,36.71,39.01,36.42,-0.29,-1.53,,0.2,-0.02,,
76,77,$35.54,$35.98,$35.39,-$0.15,-$0.64,,$0.28,-$0.71,,42,43,36.42,38.98,36.78,0.36,-1.17,,0.91,-0.43,,
77,78,$35.39,$36.02,$35.83,$0.44,-$0.20,,$1.10,-$0.28,,43,44,36.78,38.93,36.98,0.2,-0.97,,0.25,-0.4,,
78,79,$35.83,$36.05,$35.81,-$0.02,-$0.22,,$0.55,-$0.09,,44,45,36.98,38.84,37.02,0.05,-0.92,,0.09,-0.04,,
79,80,$35.81,$36.08,$36.42,$0.60,$0.39,,$0.52,-$0.54,,45,46,37.02,38.73,36.43,-0.6,-1.52,,1.59,-0.31,,
87,88,$36.59,$36.90,$36.38,-$0.20,$0.19,,$0.13,-$0.08,,46,47,36.43,38.63,35.79,-0.63,-2.15,,0.58,-0.01,,
88,89,$36.38,$36.90,$36.10,-$0.29,-$0.10,,$1.25,-$0.04,,47,48,35.79,38.51,35.81,0.02,-2.13,,0.18,-0.29,,
89,90,$36.10,$36.86,$35.78,-$0.32,-$0.42,,$0.22,-$0.04,,48,49,35.81,38.39,35.39,-0.42,-2.56,,0.16,-0.11,,
90,91,$35.78,$36.81,$35.39,-$0.39,-$0.81,,$0.78,-$0.25,,49,50,35.39,38.27,35.68,0.29,-2.27,,0.68,-0.1,,
91,92,$35.39,$36.76,$35.73,$0.35,-$0.47,,$0.18,-$0.29,,50,51,35.68,38.13,35.83,0.15,-2.12,,0.79,-1.38,,
92,93,$35.73,$36.73,$35.43,-$0.30,-$0.77,,$0.68,-$0.17,,51,52,35.83,38.01,35.73,-0.09,-2.21,,0.41,-10.73,sum,
93,94,$35.43,$36.73,$35.44,$0.01,-$0.76,,$0.72,-$0.01,,52,53,35.73,37.93,35.88,0.15,-2.06,,0.4,,,
94,95,$35.44,$36.82,$35.75,$0.31,-$0.45,,$0.55,-$0.06,,53,54,35.88,37.86,36.3,0.41,-1.65,,0.09,,,
95,96,$35.75,$36.94,$36.07,$0.32,-$0.13,,$0.27,-$0.29,,54,55,36.3,37.82,36.52,0.22,-1.42,,0.87,,,
96,97,$36.07,$36.41,$34.39,-$1.68,-$1.81,,$0.26,-$1.29,,55,56,36.52,37.83,36.45,-0.07,-1.49,,0.77,,,
97,98,$34.39,$35.62,$35.37,$0.98,-$0.83,,$0.60,-$0.09,,56,57,36.45,37.79,36.67,0.22,-1.27,sum,17.39,,,
100,101,$34.94,$35.19,$35.35,$0.41,-$0.42,,$0.03,-$0.50,,57,58,36.67,37.74,37.01,0.34,-0.94,,,,,
103,104,$35.18,$35.28,$34.92,-$0.26,-$0.68,,$0.08,-$0.25,,58,59,37.01,37.69,38.04,1.03,0.09,,Profit Factor,1.620689655,,
104,105,$34.92,$35.23,$34.68,-$0.24,-$0.92,,$0.18,-$0.04,,62,63,36.94,37.52,36.87,-0.07,0.02,,Win Rate,52.94%,,
105,106,$34.68,$35.18,$34.65,-$0.04,-$0.96,,$0.01,-$0.13,,63,64,36.87,37.53,37.42,0.55,0.57,,Beta,,,
106,107,$34.65,$35.16,$35.04,$0.39,-$0.56,,$0.15,-$0.04,,64,65,37.42,37.54,37.26,-0.16,0.41,,Alpha,,,
107,108,$35.04,$35.19,$35.02,-$0.02,-$0.58,,$0.36,-$0.29,,65,66,37.26,37.56,37.56,0.3,0.71,,,,,
108,109,$35.02,$35.26,$35.17,$0.15,-$0.43,,$0.20,-$0.60,,66,67,37.56,37.59,37.38,-0.18,0.53,,,,,
109,110,$35.17,$35.33,$35.45,$0.28,-$0.15,,$0.05,-$0.63,,67,68,37.38,37.62,37.32,-0.06,0.48,,,,,
118,119,$35.30,$35.34,$35.45,$0.15,$0.00,,$0.02,-$0.42,,68,69,37.32,37.67,37.39,0.07,0.54,,,,,
120,121,$35.13,$35.26,$35.40,$0.28,$0.27,,$0.29,-$0.09,,69,70,37.39,37.71,37.9,0.51,1.05,,,,,
122,123,$35.07,$35.18,$34.83,-$0.23,$0.04,,$0.15,-$0.07,,157,158,39.8,40.81,39.63,-0.17,0.88,,,,,
123,124,$34.83,$35.15,$35.93,$1.10,$1.14,,$0.15,-$0.07,,158,159,39.63,40.71,39.65,0.03,0.9,,,,,
135,136,$35.34,$35.44,$35.16,-$0.19,$0.95,,$0.41,-$0.18,,159,160,39.65,40.6,40.28,0.63,1.53,,,,,
136,137,$35.16,$35.45,$35.71,$0.55,$1.50,,$0.22,-$0.06,,160,161,40.28,40.56,40.54,0.26,1.79,,,,,
177,178,$36.26,$36.47,$36.77,$0.52,$2.02,,$0.22,-$0.42,,162,163,40.05,40.51,40.04,-0.02,1.77,,,,,
221,222,$40.33,$40.36,$40.45,$0.13,$2.15,,$0.34,-$0.38,,163,164,40.04,40.49,40.24,0.2,1.97,,,,,
224,225,$38.16,$39.59,$39.42,$1.25,$3.40,,$1.03,-$0.19,,164,165,40.24,40.46,41.15,0.91,2.88,,,,,
226,227,$38.50,$39.04,$38.05,-$0.44,$2.96,,$0.55,-$0.29,,169,170,40.7,41.03,40.95,0.25,3.13,,,,,
227,228,$38.05,$39.01,$38.28,$0.22,$3.18,,$0.30,-$0.17,,170,171,40.95,41.31,40.52,-0.43,2.7,,,,,
228,229,$38.28,$39.19,$38.01,-$0.27,$2.91,,$0.07,-$0.33,,171,172,40.52,41.38,40.62,0.09,2.8,,,,,
229,230,$38.01,$39.48,$37.96,-$0.05,$2.87,,$0.51,-$0.42,,172,173,40.62,41.35,40.22,-0.4,2.4,,,,,
230,231,$37.96,$39.64,$38.74,$0.78,$3.65,,$0.48,-$0.06,,173,174,40.22,41.32,40.18,-0.04,2.36,,,,,
231,232,$38.74,$39.61,$38.04,-$0.71,$2.94,,$0.67,-$0.08,,174,175,40.18,41.29,39.87,-0.31,2.05,,,,,
232,233,$38.04,$39.54,$37.76,-$0.28,$2.66,,$0.58,-$0.10,,175,176,39.87,41.24,39.86,-0.01,2.04,,,,,
233,234,$37.76,$39.50,$37.94,$0.18,$2.85,,$1.07,-$0.13,,176,177,39.86,41.17,39.57,-0.29,1.75,,,,,
234,235,$37.94,$39.49,$37.85,-$0.09,$2.76,,$0.03,-$0.16,,177,178,39.57,41.08,39.47,-0.11,1.65,,,,,
235,236,$37.85,$39.53,$37.31,-$0.54,$2.21,,$0.63,-$0.35,,178,179,39.47,41.02,41.06,1.59,3.24,,,,,
236,237,$37.31,$39.60,$37.23,-$0.08,$2.13,,$0.26,-$0.28,Average,191,192,40.92,40.93,41.5,0.58,3.82,,,,,
237,238,$37.23,$39.71,$37.19,-$0.04,$2.09,,$0.30,-$19.80,Sum,223,224,41.71,41.75,41.89,0.18,4,,,,,
238,239,$37.19,$39.82,$37.15,-$0.04,$2.06,,$0.29,72,Count,225,226,41.73,41.78,41.89,0.16,4.17,,,,,
239,240,$37.15,$39.93,$37.83,$0.68,$2.74,,$0.43,,,228,229,41.79,41.84,42.47,0.68,4.84,,,,,
240,241,$37.83,$40.01,$37.59,-$0.25,$2.49,,$0.19,,,237,238,39.17,39.25,39.07,-0.1,4.75,,,,,
241,242,$37.59,$40.02,$38.30,$0.72,$3.21,,$0.24,,,238,239,39.07,39.24,39.86,0.79,5.53,,,,,
242,243,$38.30,$39.96,$38.85,$0.55,$3.76,,$0.63,,,245,246,39.12,39.17,37.75,-1.38,4.16,,,,,
243,244,$38.85,$39.85,$38.56,-$0.29,$3.46,,$0.45,,,246,247,37.75,39.04,38.16,0.41,4.57,,,,,
244,245,$38.56,$39.72,$38.83,$0.27,$3.73,,$0.18,,,247,248,38.16,38.96,38.56,0.4,4.97,,,,,
245,246,$38.83,$39.59,$39.08,$0.26,$3.99,,$0.16,,,248,249,38.56,38.93,38.65,0.09,5.06,,,,,
246,247,$39.08,$39.50,$39.68,$0.60,$4.59,,$0.25,,,249,250,38.65,38.91,39.52,0.87,5.94,,,,,
254,255,$39.10,$40.01,$39.13,$0.03,$4.61,,$0.68,,,251,252,38.3,38.67,39.06,0.77,6.7,,,,,
255,256,$39.13,$40.00,$38.96,-$0.17,$4.45,Average,$0.34,,,,,,,,,,,,,,
256,257,$38.96,$39.93,$38.96,-$0.01,$4.44,Sum,$28.87,,,,,,,,,,,,,,
257,258,$38.96,$39.80,$38.90,-$0.06,$4.38,Count,84,,,,,,,,,,,,,,
258,259,$38.90,$39.63,$38.62,-$0.29,$4.10,,,,,,,,,,,,,,,,
259,260,$38.62,$39.46,$38.70,$0.08,$4.18,,,Profit Factor,$1.46,,,,,,,,,,,,
260,261,$38.70,$39.32,$38.88,$0.18,$4.37,,,Win Rate,53.85%,,,,,,,,,,,,
261,262,$38.88,$39.38,$37.59,-$1.29,$3.08,,,,,,,,,,,,,,,,
262,263,$37.59,$39.58,$37.50,-$0.09,$2.99,,,,,,,,,,,,,,,,
263,264,$37.50,$39.54,$37.01,-$0.50,$2.49,,,,,,,,,,,,,,,,
264,265,$37.01,$39.31,$36.76,-$0.25,$2.24,,,,,,,,,,,,,,,,
265,266,$36.76,$39.14,$36.72,-$0.04,$2.20,,,,,,,,,,,,,,,,
266,267,$36.72,$38.15,$36.73,$0.01,$2.21,,,,,,,,,,,,,,,,
267,268,$36.73,$38.03,$36.60,-$0.13,$2.08,,,,,,,,,,,,,,,,
268,269,$36.60,$38.24,$36.75,$0.15,$2.23,,,,,,,,,,,,,,,,
269,270,$36.75,$38.48,$36.71,-$0.04,$2.19,,,,,,,,,,,,,,,,
270,271,$36.71,$38.52,$36.42,-$0.29,$1.90,,,,,,,,,,,,,,,,
271,272,$36.42,$38.46,$36.78,$0.36,$2.26,,,,,,,,,,,,,,,,
272,273,$36.78,$38.45,$36.98,$0.20,$2.46,,,,,,,,,,,,,,,,
273,274,$36.98,$38.47,$37.02,$0.05,$2.51,,,,,,,,,,,,,,,,
274,275,$37.02,$38.32,$36.43,-$0.60,$1.91,,,,,,,,,,,,,,,,
275,276,$36.43,$38.32,$35.79,-$0.63,$1.28,,,,,,,,,,,,,,,,
276,277,$35.79,$38.29,$35.81,$0.02,$1.29,,,,,,,,,,,,,,,,
277,278,$35.81,$38.21,$35.39,-$0.42,$0.87,,,,,,,,,,,,,,,,
278,279,$35.39,$38.10,$35.68,$0.29,$1.16,,,,,,,,,,,,,,,,
279,280,$35.68,$37.95,$35.83,$0.15,$1.31,,,,,,,,,,,,,,,,
280,281,$35.83,$37.87,$35.73,-$0.09,$1.22,,,,,,,,,,,,,,,,
281,282,$35.73,$37.84,$35.88,$0.15,$1.37,,,,,,,,,,,,,,,,
282,283,$35.88,$37.81,$36.30,$0.41,$1.78,,,,,,,,,,,,,,,,
283,284,$36.30,$37.72,$36.52,$0.22,$2.00,,,,,,,,,,,,,,,,
284,285,$36.52,$37.51,$36.45,-$0.07,$1.94,,,,,,,,,,,,,,,,
285,286,$36.45,$37.25,$36.67,$0.22,$2.15,,,,,,,,,,,,,,,,
286,287,$36.67,$37.12,$37.01,$0.34,$2.49,,,,,,,,,,,,,,,,
287,288,$37.01,$37.06,$38.04,$1.03,$3.52,,,,,,,,,,,,,,,,
291,292,$36.94,$37.10,$36.87,-$0.07,$3.44,,,,,,,,,,,,,,,,
292,293,$36.87,$37.20,$37.42,$0.55,$4.00,,,,,,,,,,,,,,,,
294,295,$37.26,$37.55,$37.56,$0.30,$4.30,,,,,,,,,,,,,,,,
295,296,$37.56,$37.70,$37.38,-$0.18,$4.12,,,,,,,,,,,,,,,,
296,297,$37.38,$37.76,$37.32,-$0.06,$4.06,,,,,,,,,,,,,,,,
297,298,$37.32,$37.78,$37.39,$0.07,$4.13,,,,,,,,,,,,,,,,
298,299,$37.39,$37.80,$37.90,$0.51,$4.63,,,,,,,,,,,,,,,,
300,301,$37.93,$37.98,$38.41,$0.48,$5.11,,,,,,,,,,,,,,,,
336,337,$40.27,$41.20,$39.85,-$0.42,$4.69,,,,,,,,,,,,,,,,
337,338,$39.85,$40.80,$39.47,-$0.38,$4.31,,,,,,,,,,,,,,,,
338,339,$39.47,$40.16,$40.14,$0.67,$4.98,,,,,,,,,,,,,,,,
355,356,$41.59,$41.64,$41.40,-$0.19,$4.79,,,,,,,,,,,,,,,,
356,357,$41.40,$41.85,$41.98,$0.58,$5.37,,,,,,,,,,,,,,,,
362,363,$40.56,$40.57,$40.27,-$0.29,$5.08,,,,,,,,,,,,,,,,
363,364,$40.27,$40.80,$41.35,$1.07,$6.16,,,,,,,,,,,,,,,,
386,387,$39.80,$39.92,$39.63,-$0.17,$5.99,,,,,,,,,,,,,,,,
387,388,$39.63,$40.09,$39.65,$0.03,$6.02,,,,,,,,,,,,,,,,
388,389,$39.65,$40.29,$40.28,$0.63,$6.64,,,,,,,,,,,,,,,,
389,390,$40.28,$40.31,$40.54,$0.26,$6.90,,,,,,,,,,,,,,,,
434,435,$42.48,$42.87,$42.78,$0.30,$7.20,,,,,,,,,,,,,,,,
435,436,$42.78,$43.03,$42.45,-$0.33,$6.87,,,,,,,,,,,,,,,,
436,437,$42.45,$43.09,$42.74,$0.29,$7.16,,,,,,,,,,,,,,,,
437,438,$42.74,$43.08,$42.33,-$0.42,$6.75,,,,,,,,,,,,,,,,
438,439,$42.33,$43.02,$42.27,-$0.06,$6.69,,,,,,,,,,,,,,,,
439,440,$42.27,$42.92,$42.69,$0.43,$7.11,,,,,,,,,,,,,,,,
440,441,$42.69,$42.74,$42.89,$0.19,$7.31,,,,,,,,,,,,,,,,
442,443,$41.86,$42.25,$42.10,$0.24,$7.55,,,,,,,,,,,,,,,,
443,444,$42.10,$42.12,$42.03,-$0.08,$7.47,,,,,,,,,,,,,,,,
444,445,$42.03,$42.15,$42.65,$0.63,$8.10,,,,,,,,,,,,,,,,
446,447,$42.49,$42.69,$42.39,-$0.10,$8.00,,,,,,,,,,,,,,,,
447,448,$42.39,$42.69,$42.27,-$0.13,$7.88,,,,,,,,,,,,,,,,
448,449,$42.27,$42.54,$42.72,$0.45,$8.33,,,,,,,,,,,,,,,,
452,453,$41.71,$41.90,$41.89,$0.18,$8.51,,,,,,,,,,,,,,,,
453,454,$41.89,$41.91,$41.73,-$0.16,$8.35,,,,,,,,,,,,,,,,
454,455,$41.73,$41.93,$41.89,$0.16,$8.51,,,,,,,,,,,,,,,,
455,456,$41.89,$41.98,$42.14,$0.25,$8.77,,,,,,,,,,,,,,,,
456,457,$42.14,$42.16,$41.79,-$0.35,$8.42,,,,,,,,,,,,,,,,
457,458,$41.79,$42.45,$42.47,$0.68,$9.09,,,,,,,,,,,,,,,,