date,"FinBERT_Score (-1, 1)",Article_Count
2020-01-01,-0.020204115596910318,15
2020-01-02,0.01622546065805687,18
2020-01-03,0.011585994030941616,11
2020-01-04,-0.526571543680297,9
2020-01-05,0.030673212371766567,5
2020-01-06,-0.0105040546040982,8
2020-01-07,-0.01682165698506511,13
2020-01-08,0.07886844720034038,17
2020-01-09,-0.09611960793180126,56
2020-01-10,0.022821617703283986,31
2020-01-11,-0.011191005469299853,12
2020-01-12,0.046771806199103594,8
2020-01-13,0.04909394175047055,16
2020-01-14,0.032719190999427265,17
2020-01-15,-0.015393799581729314,17
2020-01-16,0.19792600950625325,14
2020-01-17,-0.2023579229672368,13
2020-01-18,0.023350505424397334,7
2020-01-19,-0.13947615741441646,3
2020-01-20,0.10668521153274924,8
2020-01-21,-0.05631881630979478,20
2020-01-22,0.14072621800005436,33
2020-01-23,0.21083932054941268,17
2020-01-24,0.1768733086064458,15
2020-01-25,0.08599522004702262,7
2020-01-26,-0.0421002582879737,8
2020-01-27,0.09564200810228403,26
2020-01-28,0.40767212336262065,15
2020-01-29,0.17594399631982952,33
2020-01-30,0.010073661041478145,58
2020-01-31,-0.3017099008895457,40
2020-02-01,0.08439747264815702,9
2020-02-02,-0.334945243517203,7
2020-02-03,-0.021281894009846907,39
2020-02-04,-0.2558656762897347,24
2020-02-05,-0.12744129499928517,11
2020-02-06,-0.6421348793236049,76
2020-02-07,-0.21163776446133853,25
2020-02-08,0.04906643104429046,6
2020-02-09,0.23310344076404968,3
2020-02-10,0.27983948694203387,11
2020-02-11,-0.14178769137813813,36
2020-02-12,-0.11979088340497886,24
2020-02-13,0.15714338687522447,34
2020-02-14,0.16111467865162662,28
2020-02-16,-0.3306869600367333,7
2020-02-17,0.064492871829619,6
2020-02-18,0.06576496176421642,12
2020-02-19,0.12781479844124988,16
2020-02-20,-0.22345159681012425,26
2020-02-21,-0.20709032436402944,26
2020-02-22,-0.04138930342518366,13
2020-02-23,-0.3861692707675199,6
2020-02-24,0.28879809680140833,11
2020-02-25,0.17951282090507448,20
2020-02-26,0.38410215522162616,22
2020-02-27,-0.1748759785274926,19
2020-02-28,-0.16283327215077245,17
2020-02-29,-0.141962303314358,6
2020-03-01,0.11446568490937352,10
2020-03-02,0.1345623294792829,31
2020-03-03,-0.1276572241580912,14
2020-03-04,0.14629821366581477,19
2020-03-05,0.17499900429642626,14
2020-03-06,0.13540575022880846,13
2020-03-07,0.2083839258322349,13
2020-03-08,-0.36615641275420785,2
2020-03-09,0.14037764582428194,21
2020-03-10,0.18933085278452685,12
2020-03-11,0.16067326004507348,34
2020-03-12,0.31224194590164267,23
2020-03-13,-0.026628476046025754,25
2020-03-14,0.02458848345226475,14
2020-03-15,-0.19856771628838032,8
2020-03-16,-0.2463881106232293,16
2020-03-17,-0.4234760309259097,15
2020-03-18,0.43269699895754454,10
2020-03-19,-0.041418333537876606,13
2020-03-20,0.17812370043247938,13
2020-03-21,0.15719489048102073,7
2020-03-22,-0.10760629922151566,4
2020-03-23,0.11724435575306416,20
2020-03-24,0.07524899783958164,36
2020-03-25,0.13503831181236925,17
2020-03-26,0.021237281637943604,22
2020-03-27,0.18796957284212112,12
2020-03-28,-0.00955648347735405,2
2020-03-29,0.003312167711555958,2
2020-03-30,0.14756953680059975,9
2020-03-31,-0.06650054657503086,17
2020-04-01,0.2637978728468481,19
2020-04-02,0.13107402222778866,17
2020-04-03,0.1458674758517494,12
2020-04-04,0.02420710399746895,7
2020-04-05,0.01796168740838766,2
2020-04-06,0.14056075188434786,9
2020-04-07,-0.16687451216222887,22
2020-04-08,0.09081941856337446,7
2020-04-09,0.16884991573169827,13
2020-04-10,-0.12544586689078382,14
2020-04-11,-0.565213686786592,3
2020-04-12,0.028244728222489357,2
2020-04-13,0.11770786402317193,13
2020-04-14,0.18531797823379748,32
2020-04-15,0.14544529125334754,31
2020-04-16,0.17899392083442459,48
2020-04-17,0.13656010979673627,33
2020-04-18,0.17638033549659526,13
2020-04-19,0.2496374611121913,6
2020-04-20,0.11122535533892612,12
2020-04-21,0.29188906980146256,21
2020-04-22,0.1804544403217733,30
2020-04-23,0.26123198061109043,33
2020-04-24,-0.17748848839093828,72
2020-04-25,0.06647604742708306,12
2020-04-26,-0.006348231807351112,2
2020-04-27,0.07456000692521532,33
2020-04-28,-0.09005185747236917,33
2020-04-29,-0.06565283235977404,16
2020-04-30,0.3614799023605883,10
2020-05-01,0.15842953071530377,14
2020-05-02,0.7032120320945978,1
2020-05-03,0.02909214235842228,1
2020-05-04,0.2085985473531764,16
2020-05-05,0.14321859238076617,22
2020-05-06,0.16099170297901663,18
2020-05-07,-0.06507181122692095,27
2020-05-08,0.2836149633595986,14
2020-05-09,0.027483749389648437,5
2020-05-10,-0.23542789711306492,3
2020-05-11,0.2487218845014771,15
2020-05-12,0.18360654712610303,21
2020-05-13,0.07477058056328031,9
2020-05-14,0.1290445634060436,18
2020-05-15,0.04748903930054179,14
2020-05-16,-0.16488888021558523,8
2020-05-17,0.042049906216561794,2
2020-05-18,-0.010955629616298458,22
2020-05-19,0.010589646915083422,34
2020-05-20,0.16049686706575908,38
2020-05-21,0.11150757526047528,26
2020-05-22,0.0860613136984674,28
2020-05-23,0.27562103047966957,2
2020-05-24,0.02915417728945613,2
2020-05-25,0.052449364215135574,1
2020-05-26,-0.027684524788388183,7
2020-05-27,0.07637950778007507,14
2020-05-28,0.056275549344718456,17
2020-05-29,0.2890555372772117,6
2020-05-30,0.27634561403344077,3
2020-05-31,0.16615007887594402,4
2020-06-01,0.17170492955483496,8
2020-06-02,0.10555568039417267,15
2020-06-03,0.1242352136824694,9
2020-06-04,-0.0242648512463678,11
2020-06-05,-0.020640759853025277,15
2020-06-06,0.03517362289130688,7
2020-06-07,-0.04713913556188345,5
2020-06-08,0.04703873321413994,5
2020-06-09,0.07787139236461371,8
2020-06-10,0.18512535312523445,9
2020-06-11,0.11900161443134913,13
2020-06-12,0.17420053842437008,23
2020-06-13,0.2098561021266505,4
2020-06-14,0.030869424808770418,2
2020-06-15,-0.4523041009947303,21
2020-06-16,-0.06003153410761855,43
2020-06-17,0.0974747200186054,9
2020-06-18,0.31455137076166767,12
2020-06-19,0.33829271021698204,7
2020-06-20,-0.14740711388488612,3
2020-06-22,0.3902821285384042,21
2020-06-23,0.1903277993260417,16
2020-06-24,0.3423806614768894,23
2020-06-25,-0.01885448724907987,34
2020-06-26,-0.4700890181120485,66
2020-06-27,-0.1799888739754495,19
2020-06-28,-0.44211781513877213,4
2020-06-29,-0.05844449643045664,10
2020-06-30,0.1305821894435212,20
2020-07-01,-0.039818538183515724,11
2020-07-02,0.07514217338309838,13
2020-07-03,0.1157356696203351,8
2020-07-04,-0.19105013702064752,5
2020-07-05,0.131336405640468,4
2020-07-06,0.07975856149569154,10
2020-07-07,0.17755994759500027,23
2020-07-08,-0.07797148555298061,17
2020-07-09,0.16643138952730668,21
2020-07-10,0.0920275682292413,16
2020-07-11,-0.14207566641271113,5
2020-07-12,0.09363482799381018,2
2020-07-13,0.1972571284594861,11
2020-07-14,0.1846161073243076,33
2020-07-15,0.0771687297616154,20
2020-07-16,0.2592766919853882,26
2020-07-17,0.19854828886066875,15
2020-07-18,-0.1929470387597879,9
2020-07-19,0.00871824137866497,5
2020-07-20,-0.17538024635555652,13
2020-07-21,-0.48806925042747307,26
2020-07-22,0.04350089783901754,23
2020-07-23,0.12920627702513468,23
2020-07-24,0.04481278747386698,56
2020-07-25,-0.2860512073772649,6
2020-07-26,-0.1087627166416496,8
2020-07-27,0.16860897024162114,16
2020-07-28,0.05692463475637711,13
2020-07-29,-0.17012453575929007,3
2020-07-30,0.15868440219201146,20
2020-07-31,0.004664405116013118,7
2020-08-01,-0.34903108421713114,2
2020-08-02,0.017593275755643845,1
2020-08-03,0.17716929859792194,12
2020-08-04,0.1852061769671061,11
2020-08-05,0.06830479843275887,14
2020-08-06,0.46237767291151816,9
2020-08-07,0.118180195546963,11
2020-08-08,0.2684862092137337,5
2020-08-09,0.02196311205625534,2
2020-08-10,0.0718637028709054,20
2020-08-11,0.24704746707963446,12
2020-08-12,0.15296452461431423,9
2020-08-13,0.03404087125737634,18
2020-08-14,0.2490886327920153,17
2020-08-15,0.19552221428602934,2
2020-08-16,-0.01776617206633091,1
2020-08-17,0.16689082796342278,38
2020-08-18,0.10631841827968233,19
2020-08-19,-0.06776494436780922,16
2020-08-20,0.18486945612518035,23
2020-08-21,0.11340470839705732,18
2020-08-22,0.10727249486371875,10
2020-08-23,0.07103492356836796,5
2020-08-24,-0.07297214533069304,7
2020-08-25,0.3631530330982059,10
2020-08-26,0.21713238611648028,22
2020-08-27,0.06352044464173642,11
2020-08-28,0.08130528586399224,9
2020-08-29,0.030175491236150265,2
2020-08-31,0.08860390081715125,13
2020-09-01,-0.15956410695798695,16
2020-09-02,0.0624147862075798,31
2020-09-03,0.29284562896513805,66
2020-09-04,0.010076154605485499,24
2020-09-05,0.04011073801666498,3
2020-09-06,-0.11463976595550776,5
2020-09-07,0.5486365255899728,80
2020-09-08,0.4436217625202103,33
2020-09-09,0.33933319489618663,19
2020-09-10,0.12364622112363577,19
2020-09-11,0.03994205806018977,29
2020-09-12,0.027157385600730777,8
2020-09-13,-0.13297023634529775,9
2020-09-14,0.11915242300892714,64
2020-09-15,0.1677089754235128,29
2020-09-16,0.1983760765398897,21
2020-09-17,0.1550985704525374,16
2020-09-18,0.14246000977152068,23
2020-09-19,0.14095451217144728,8
2020-09-20,0.12807548753917217,5
2020-09-21,-0.0003055242602439488,17
2020-09-22,0.3194256510839544,11
2020-09-23,0.2730360436860634,23
2020-09-24,0.23728113517993027,18
2020-09-25,0.07470290885808376,26
2020-09-26,-0.09602261381223798,4
2020-09-27,0.0846983203664422,3
2020-09-28,0.03559018187224865,5
2020-09-29,0.17476888497670492,33
2020-09-30,0.06496683303266763,20
2020-10-01,0.18189208515949787,31
2020-10-02,0.3385695480168439,13
2020-10-03,0.31630810039738816,6
2020-10-04,-0.901780229061842,1
2020-10-05,0.11348062017932534,10
2020-10-06,0.05719336899193494,19
2020-10-07,0.018767054108056156,11
2020-10-08,0.2352779173793701,13
2020-10-09,0.1872536257973739,14
2020-10-10,0.23774004386117062,6
2020-10-11,-0.008703644076983133,3
2020-10-12,0.22836737667343446,7
2020-10-13,0.05715941917151213,31
2020-10-14,0.09178195506683551,32
2020-10-15,0.1768301136215173,21
2020-10-16,0.07712000150543948,18
2020-10-17,-0.009875696152448654,1
2020-10-18,0.0477447205533584,3
2020-10-19,0.1407414730840727,23
2020-10-20,0.33104121081693016,46
2020-10-21,0.26038519314505043,63
2020-10-22,0.33248932267140063,21
2020-10-23,0.18352471263561812,18
2020-10-24,0.12657770312701663,6
2020-10-25,-0.029314255419497687,6
2020-10-26,-0.09492099957747592,9
2020-10-27,0.14032800413668156,25
2020-10-28,0.12480815225525906,19
2020-10-29,0.20343042846376957,19
2020-10-30,-0.03882984545392295,12
2020-10-31,-0.002088521048426628,5
2020-11-01,0.05802412269016107,6
2020-11-02,0.28288057213649154,6
2020-11-03,0.3417690413383146,6
2020-11-04,0.19183464969197908,3
2020-11-05,0.14717616446109283,18
2020-11-06,0.18358994542310636,15
2020-11-07,0.06376100352711299,11
2020-11-08,0.10086806304752827,1
2020-11-09,0.18210773663250385,27
2020-11-10,0.10589128157452625,17
2020-11-11,0.12928798184212711,9
2020-11-12,0.11487214621156454,10
2020-11-13,-0.019883306929841638,10
2020-11-14,-0.20536794781219214,8
2020-11-15,0.13021436582008997,3
2020-11-16,0.19341721631852643,14
2020-11-17,0.2960661044344306,24
2020-11-18,0.22913969881259477,13
2020-11-19,0.15492078629781453,71
2020-11-20,0.13321144249726166,47
2020-11-21,0.28622585043988447,11
2020-11-22,0.3779806202898423,3
2020-11-23,0.1936767887091264,8
2020-11-24,0.1490925503196195,20
2020-11-25,0.34011082095094025,12
2020-11-26,0.17593160970136523,6
2020-11-27,0.14901379789225758,10
2020-11-28,0.04389247712161806,9
2020-11-29,0.10328707409401734,3
2020-11-30,0.1352174784988165,10
2020-12-01,-0.03488866328016708,19
2020-12-02,0.08969967191918723,31
2020-12-03,0.25989436358213425,20
2020-12-04,-0.2557351133889622,9
2020-12-05,-0.05607909041767319,6
2020-12-06,0.04834648221731186,5
2020-12-07,0.3264594949515803,7
2020-12-08,0.1516700561332982,16
2020-12-09,-0.012481747152791782,11
2020-12-10,0.26751521894974367,7
2020-12-11,0.1941780271673841,7
2020-12-12,-0.017433142910401028,6
2020-12-14,0.24639330469071866,10
2020-12-15,0.1471870495006442,8
2020-12-16,0.18436883733822748,13
2020-12-17,0.2381533296313137,20
2020-12-18,0.3618710912190951,13
2020-12-19,-0.16967088522182572,9
2020-12-21,-0.03872213683401545,9
2020-12-22,0.11188756992730002,12
2020-12-23,0.051519496916708624,22
2020-12-24,0.04608290269970894,5
2020-12-25,-0.20675045934816202,3
2020-12-26,-0.26734171031663817,3
2020-12-27,0.49818312423303723,2
2020-12-28,0.46245906595140696,8
2020-12-29,-0.08775898204608397,11
2020-12-30,-0.15109635572880506,10
2020-12-31,-0.30120505345985293,6
2021-01-01,0.018703219131566584,8
2021-01-02,-0.0611532568000257,2
2021-01-03,0.004736602306365967,1
2021-01-04,-0.13601228001061827,12
2021-01-05,0.17098297105569923,14
2021-01-06,-0.31855352176353335,18
2021-01-07,-0.01713400294205972,14
2021-01-08,0.0838248305177937,12
2021-01-09,0.020343676209449768,2
2021-01-10,0.3828142546117306,5
2021-01-11,-0.02162365113886503,13
2021-01-12,0.05157868837704882,24
2021-01-13,-0.20386030782873815,13
2021-01-14,0.32970676738768817,10
2021-01-15,0.18675960103670755,3
2021-01-16,-0.34537929520010946,5
2021-01-17,-0.1399519726295363,11
2021-01-18,0.1317709805443883,3
2021-01-19,0.2979171751802297,19
2021-01-20,0.1489345526153391,11
2021-01-21,-0.10906843597499224,13
2021-01-22,0.1740689039887751,17
2021-01-23,0.12338780239224434,3
2021-01-24,0.030300865881145,1
2021-01-25,0.17601092931415355,21
2021-01-26,-0.09550267286514016,88
2021-01-27,-0.0006142138237399715,28
2021-01-28,0.29624961147783324,16
2021-01-29,0.1656664225156419,16
2021-01-30,0.13301344448700547,2
2021-02-01,0.16589272997918583,21
2021-02-02,0.17780639365082607,16
2021-02-03,0.08432727691251785,8
2021-02-04,-0.11861246710436212,9
2021-02-05,0.14993816391668385,18
2021-02-06,0.06192291182066713,7
2021-02-07,0.04575244779698551,4
2021-02-08,0.09948741343604135,28
2021-02-09,-0.13216860676184297,10
2021-02-10,0.24551257996686868,7
2021-02-11,0.2611826162578331,9
2021-02-12,0.28358841141951935,7
2021-02-13,0.38496591119716567,3
2021-02-14,-0.6088961377739907,5
2021-02-15,0.1367327060837012,13
2021-02-16,0.22013449620527142,26
2021-02-17,0.13247977220453322,38
2021-02-18,0.3103720312938094,14
2021-02-19,0.08603290322103671,14
2021-02-20,0.31589384097605944,2
2021-02-21,-0.03230092270920674,3
2021-02-22,0.23826815180767041,13
2021-02-23,0.04580834787338972,5
2021-02-24,0.1772314359300903,21
2021-02-25,0.3578481282557136,29
2021-02-26,0.1717080958575631,12
2021-02-27,0.13362876465544105,4
2021-02-28,0.05968776997178793,3
2021-03-01,4.572383212772283e-05,22
2021-03-02,0.2319642206033071,15
2021-03-03,0.09044861919911844,14
2021-03-04,0.09183982270769775,8
2021-03-05,0.2510897208121605,16
2021-03-06,-0.43509548739530146,4
2021-03-07,-0.018472878262400627,3
2021-03-08,0.11198690111438434,15
2021-03-09,0.28260032848144573,12
2021-03-10,0.15183182420547714,11
2021-03-11,0.15276130243997882,54
2021-03-12,0.22979902587009265,34
2021-03-13,-0.24117712047882378,4
2021-03-14,0.34239218290895224,3
2021-03-15,0.2623772146490713,15
2021-03-16,0.25125774182379246,9
2021-03-17,0.12049425799133522,7
2021-03-18,0.26655761792790145,8
2021-03-19,0.09517712844535708,4
2021-03-20,0.02422073669731617,1
2021-03-21,-0.3235839046537876,3
2021-03-22,0.44272494297474624,5
2021-03-23,0.1656522177056306,18
2021-03-24,-0.04829850591915218,19
2021-03-25,0.20201933331554756,16
2021-03-26,0.12973630375095777,7
2021-03-27,0.2738025179132819,4
2021-03-28,0.09101847326382995,2
2021-03-29,0.23837495263433084,8
2021-03-30,-0.3849748038303326,17
2021-03-31,-0.17077978621972234,19
2021-04-01,0.10910709157016957,36
2021-04-02,0.17256294366800123,9
2021-04-03,0.28918469914545614,3
2021-04-05,0.4638445337980308,11
2021-04-06,0.1693195505940821,16
2021-04-07,0.20338929768397726,22
2021-04-08,-0.031599053965381735,41
2021-04-09,-0.37100047276665765,48
2021-04-10,-0.09456070315920645,9
2021-04-11,-0.6912549389526248,3
2021-04-12,0.2839390709478822,18
2021-04-13,-0.024589804311593372,18
2021-04-14,0.21147379581816494,16
2021-04-15,0.3546415049778788,19
2021-04-16,-0.055584588134661314,10
2021-04-17,0.3016672288067639,3
2021-04-18,0.2930412548594177,2
2021-04-19,0.35128482710570097,9
2021-04-20,0.2744573669707669,28
2021-04-21,0.07193097354550111,38
2021-04-22,0.08341757377938312,17
2021-04-23,0.15392782615328376,11
2021-04-24,0.10050695724785327,5
2021-04-25,0.03087993897497654,1
2021-04-26,0.1477069708518684,10
2021-04-27,-0.13997331197912755,19
2021-04-28,-0.024262290742052228,19
2021-04-29,0.18251417598433115,33
2021-04-30,0.22387731210550382,21
2021-05-01,-0.08615533597767353,5
2021-05-02,0.28538105997722596,4
2021-05-03,0.017549678716943205,166
2021-05-04,0.046970441760051815,42
2021-05-05,0.21980753496754915,20
2021-05-06,0.28925703642889855,10
2021-05-07,0.17961062512432152,13
2021-05-08,0.05975641030818224,3
2021-05-09,0.4203493925742805,2
2021-05-10,0.07350376955069163,17
2021-05-11,0.37951167185153617,19
2021-05-12,-0.08952459855936468,16
2021-05-13,-0.016869814778190283,21
2021-05-14,0.011198382410738204,18
2021-05-15,0.8149835523217916,1
2021-05-16,0.03915872564539313,2
2021-05-17,0.11051766701381315,11
2021-05-18,-0.2432195188011974,8
2021-05-19,0.04666963894851506,4
2021-05-20,0.10742086083873321,19
2021-05-21,0.08450189344584942,10
2021-05-22,0.26953290596914786,6
2021-05-23,-0.3631056398153305,1
2021-05-24,0.02540557585656643,25
2021-05-25,0.17050934935520803,14
2021-05-26,0.15649819231281678,15
2021-05-27,0.0019294375961180776,16
2021-05-28,0.2523742877612157,14
2021-05-29,0.27346360962837934,3
2021-05-30,0.45098030380904675,2
2021-05-31,-0.26402950069556635,3
2021-06-01,0.2008123328560032,16
2021-06-02,0.16226518781774718,23
2021-06-03,0.23625410857299964,15
2021-06-04,0.16135667255994948,11
2021-06-05,0.19978513140231371,5
2021-06-06,-0.22720663398504257,5
2021-06-07,-0.027578024892136455,8
2021-06-08,-0.009783576760027144,9
2021-06-09,0.11761519737774506,8
2021-06-10,0.2565155376827246,19
2021-06-11,0.2931174986228785,17
2021-06-12,0.4630544949322939,2
2021-06-13,-0.04574005922768265,8
2021-06-14,0.12580731984875773,23
2021-06-15,0.0072424575065573055,15
2021-06-16,0.27275553480204606,9
2021-06-17,0.30487047327915207,16
2021-06-18,0.09547215735074133,8
2021-06-19,0.8185803862288594,1
2021-06-20,0.05627559032291174,4
2021-06-21,0.20627406023612077,11
2021-06-22,0.14295745454728603,7
2021-06-23,0.38429122494364326,11
2021-06-24,0.19866976870054548,11
2021-06-25,0.15939678722882972,17
2021-06-26,-0.037927777389995754,8
2021-06-27,0.11965724887947242,3
2021-06-28,0.33304041118740485,27
2021-06-29,0.06746450699865818,10
2021-06-30,0.0792191427370364,11
2021-07-01,0.2952638614922762,10
2021-07-02,0.15546739427372813,8
2021-07-03,0.05753686232492328,6
2021-07-04,0.1899242689833045,1
2021-07-05,0.01523193142687281,6
2021-07-06,0.07084261230193079,20
2021-07-07,0.16171034923396432,26
2021-07-08,0.18413772981148213,20
2021-07-09,0.11292254133149981,10
2021-07-10,0.09642449114471674,2
2021-07-11,-0.25046842359006405,1
2021-07-12,0.06663047757959276,33
2021-07-13,0.24169847405691808,37
2021-07-14,0.3159366625318812,22
2021-07-15,0.23636193653302534,14
2021-07-16,0.4493921468260162,33
2021-07-17,0.3239056165330112,4
2021-07-18,0.1929389222059399,4
2021-07-19,0.3407690995372832,2
2021-07-20,0.07592308311723173,26
2021-07-21,0.2496729628404691,63
2021-07-22,0.11081890967291068,17
2021-07-23,0.26853205643307704,13
2021-07-24,0.15624929126352072,3
2021-07-25,-3.44826839864254e-05,2
2021-07-26,0.07128746197982268,11
2021-07-27,0.10197455054149032,15
2021-07-28,0.20024462100118398,10
2021-07-29,0.06511973173302762,17
2021-07-30,0.1454059223178774,8
2021-07-31,0.2490336401388049,4
2021-08-01,0.06594568770378828,3
2021-08-02,0.17183201564475895,10
2021-08-03,0.010423016423980394,9
2021-08-04,0.1995115608908236,10
2021-08-05,0.3077695159590803,8
2021-08-06,0.0473893843125552,10
2021-08-07,0.303414201097829,7
2021-08-08,0.2549426616169512,4
2021-08-09,0.31210977634923026,11
2021-08-10,0.014247888699173927,6
2021-08-11,0.21263021614183397,17
2021-08-12,0.22273485705954954,24
2021-08-13,0.32327516867141975,19
2021-08-14,0.03815818950533867,2
2021-08-15,0.11249309638515115,10
2021-08-16,0.01658932552399004,17
2021-08-17,-0.06419863132759929,5
2021-08-18,0.11294809861906938,7
2021-08-19,0.24294173584452697,7
2021-08-20,0.10663510921100776,9
2021-08-21,-0.051860528687636055,3
2021-08-22,-0.14972827769815922,4
2021-08-23,0.31039429679512975,5
2021-08-24,-0.07388840010389686,10
2021-08-25,-0.08505452796816826,15
2021-08-26,0.009259274054784328,16
2021-08-27,-0.06500847315923734,11
2021-08-28,-0.07729232031852007,4
2021-08-29,-0.2745559513568878,2
2021-08-30,-0.008782885545356707,11
2021-08-31,0.3556984546594322,11
2021-09-01,0.24874174579357108,12
2021-09-02,0.15631618474920592,12
2021-09-03,0.5531724165193737,6
2021-09-04,0.5434023663401604,1
2021-09-05,-0.19619647475580373,3
2021-09-06,0.2024096760100552,7
2021-09-07,0.078096654266119,4
2021-09-08,0.29118423350155354,19
2021-09-09,0.2563434686822196,15
2021-09-10,0.1676414108036884,14
2021-09-11,-0.008973203909893831,3
2021-09-12,-0.06455794628709555,4
2021-09-13,0.20456534329180917,12
2021-09-14,0.24328123161103576,8
2021-09-15,0.15374611564911903,10
2021-09-16,0.5193566232919693,7
2021-09-17,0.09759617747738958,25
2021-09-18,0.16293739317916334,8
2021-09-19,0.2869704617187381,2
2021-09-20,0.08667586425629754,12
2021-09-21,0.10645409560917567,12
2021-09-22,0.16128677067657313,9
2021-09-23,0.08202889299189503,11
2021-09-24,0.33298999206586316,11
2021-09-25,0.05590450235952934,3
2021-09-26,0.02126218192279339,1
2021-09-27,0.3408053160778114,7
2021-09-28,0.3776578591550114,27
2021-09-29,0.1653134359512478,8
2021-09-30,0.35977770551107824,12
2021-10-01,0.3354512092967828,3
2021-10-02,0.7204447551630437,2
2021-10-03,0.020093008875846863,1
2021-10-04,-0.1365347232494969,16
2021-10-05,0.10994261095765978,8
2021-10-06,0.35812733317207956,9
2021-10-07,0.40119211602335175,15
2021-10-08,0.11125219473615289,8
2021-10-09,0.3151285784939925,3
2021-10-10,-0.2738788044080138,2
2021-10-11,-0.13481633157397693,13
2021-10-12,0.009454132650386204,22
2021-10-13,-0.1372191996103333,31
2021-10-14,-0.006863126065582037,24
2021-10-15,-0.07317437352612614,10
2021-10-16,0.22551714442670345,4
2021-10-17,0.07575891291101773,6
2021-10-18,0.0923590509753142,7
2021-10-19,0.049590561454269017,11
2021-10-20,0.2988204048579615,33
2021-10-21,0.15100360396318138,20
2021-10-22,0.033865609349539645,13
2021-10-23,0.042216176399961114,4
2021-10-24,0.007162824273109436,1
2021-10-25,0.8428538930602372,1
2021-10-26,0.5710189506903084,36
2021-10-27,0.4603591950757331,19
2021-10-28,0.23777800674239793,6
2021-10-29,0.02951626982539892,5
2021-10-30,0.30449630809016526,4
2021-10-31,-0.10390993083516757,3
2021-11-01,0.047387825325131416,4
2021-11-02,0.29776200867490843,8
2021-11-03,0.10983278655580112,7
2021-11-04,-0.3784728292375803,25
2021-11-05,-0.4790452545043081,20
2021-11-06,-0.3398512559942901,2
2021-11-08,-0.07056713971542194,16
2021-11-09,-0.22628551234745167,22
2021-11-10,0.007521473220549524,16
2021-11-11,0.13319445613094352,11
2021-11-12,0.065292838960886,4
2021-11-13,0.481608363147825,5
2021-11-14,0.10395969760914643,6
2021-11-15,0.36103235092014074,5
2021-11-16,0.19729241589084268,12
2021-11-17,0.06544062034472038,19
2021-11-18,0.12236961220729757,22
2021-11-19,0.16966546480269992,17
2021-11-20,0.17347495281137526,4
2021-11-21,0.08444359991699457,4
2021-11-22,0.19607183781380838,13
2021-11-23,0.19851877386955655,17
2021-11-24,-0.02135073798506156,23
2021-11-25,0.19462549278978258,16
2021-11-26,0.02226249221712351,10
2021-11-27,0.2532474545761943,5
2021-11-28,0.16042969482285635,7
2021-11-29,-0.19493866222910583,6
2021-11-30,-0.097998248723646,12
2021-12-01,0.40603105616397583,13
2021-12-02,0.18330318331718445,10
2021-12-03,0.13670675257841747,15
2021-12-04,-0.13223773427307606,1
2021-12-05,-0.08432469107210636,5
2021-12-06,0.08358007844071835,16
2021-12-07,-0.11449055367459854,15
2021-12-08,0.15285508781671525,10
2021-12-09,0.48369803112000226,10
2021-12-10,0.26610202053561804,10
2021-12-11,0.01241602934896946,2
2021-12-12,0.04915942127505938,3
2021-12-13,0.3776918728318479,9
2021-12-14,-0.0679791418214639,15
2021-12-15,-0.5082897982404878,24
2021-12-16,0.341529692367961,15
2021-12-17,0.14340700348839164,19
2021-12-18,0.252235038826863,6
2021-12-19,-0.0034120467801888785,3
2021-12-20,0.024979059305042028,10
2021-12-21,0.2482157030608505,8
2021-12-22,0.21439182211179286,4
2021-12-23,-0.02449604993065198,6
2021-12-24,0.026228565722703934,3
2021-12-25,0.01348210871219635,1
2021-12-27,0.19485033644984165,9
2021-12-28,0.2894222382456064,3
2021-12-29,0.24670913241182765,3
2021-12-30,-0.17507287338376046,5
2021-12-31,-0.35643337632063776,8
2022-01-01,-0.7069241202552803,16
2022-01-02,-0.3806497297820545,31
2022-01-03,-0.39090323431919966,63
2022-01-04,-0.20723542255054936,117
2022-01-05,0.0968132904331599,35
2022-01-06,-0.052005576686217234,13
2022-01-07,-0.11947118770331144,8
2022-01-08,-0.28354801854584366,4
2022-01-09,-0.020007553199927013,3
2022-01-10,0.26423331955447793,4
2022-01-11,0.2937762251123786,5
2022-01-12,0.12829617131501436,10
2022-01-13,0.09038096144795418,5
2022-01-14,0.23419218119233848,5
2022-01-15,-0.18609430349897593,8
2022-01-16,-0.19481933861970901,2
2022-01-17,0.06916621058126507,46
2022-01-18,-0.44707230514431573,83
2022-01-19,-0.1872535944321608,83
2022-01-20,0.2754422328925054,19
2022-01-21,0.20791534330839148,13
2022-01-22,0.11729492072481662,8
2022-01-23,-0.01887458236888051,4
2022-01-24,-0.015084162075072526,10
2022-01-25,0.2675324816788946,28
2022-01-26,0.07400390083956368,17
2022-01-27,0.10056393441597097,19
2022-01-28,0.3399801406043547,27
2022-01-29,0.38714331698914367,9
2022-01-30,0.060271502705290914,4
2022-01-31,0.28067961973138156,10
2022-02-01,0.22506469627842307,17
2022-02-02,0.12424214219208807,8
2022-02-03,0.08236621581017971,20
2022-02-04,-0.08568532567005605,8
2022-02-05,0.07498911706109841,3
2022-02-06,-0.13572067744098604,4
2022-02-07,0.0880765231559053,16
2022-02-08,0.2583538349052625,14
2022-02-09,0.2684570544470961,13
2022-02-10,0.11906718079828554,9
2022-02-11,0.4284036409109831,5
2022-02-12,-0.13147293422371148,5
2022-02-13,0.01693103089928627,1
2022-02-14,-0.18537414329254936,29
2022-02-15,0.14892986302192396,13
2022-02-16,0.16848569423226373,14
2022-02-17,-0.021664359945465218,11
2022-02-18,-0.18958807988092302,15
2022-02-19,-0.7317022699862719,1
2022-02-20,0.034953610971570015,1
2022-02-21,0.07398304180242121,4
2022-02-22,0.23214748210739344,12
2022-02-23,0.36644205580731587,14
2022-02-24,0.33140694769099355,4
2022-02-25,0.0652086081681773,8
2022-02-26,0.2250701365992427,3
2022-02-27,0.03834233991801739,1
2022-02-28,0.26255662785843015,14
2022-03-01,0.23626766077553232,15
2022-03-02,0.22476828813722188,11
2022-03-03,0.24206582264435528,38
2022-03-04,-0.05744238088236136,17
2022-03-05,-0.3510284643620253,5
2022-03-07,0.10759496375579726,11
2022-03-08,0.06536842207424343,4
2022-03-09,0.09921549741799633,15
2022-03-10,0.14612267147749664,5
2022-03-11,0.37051997929811475,5
2022-03-12,0.06822632625699043,1
2022-03-13,0.03329592291265726,2
2022-03-14,0.07329710231473048,6
2022-03-15,0.1785709224641323,11
2022-03-16,0.28631622923295136,23
2022-03-17,0.05802847169847651,11
2022-03-18,0.041638311676003716,11
2022-03-19,-0.1557701313868165,2
2022-03-20,0.04328998364508152,2
2022-03-21,0.2626426089361,24
2022-03-22,0.11627721406805974,13
2022-03-23,0.31364035457372663,10
2022-03-24,0.11789550073444843,7
2022-03-25,0.2198545382513354,6
2022-03-26,0.4739304203540087,2
2022-03-27,0.007337544346228242,4
2022-03-28,-0.11074179112911224,5
2022-03-29,-0.18331258095956096,24
2022-03-30,-0.12811059527018148,23
2022-03-31,-0.20402035002525037,13
2022-04-01,0.44417703710496426,2
2022-04-02,-0.2406711430909733,6
2022-04-03,-0.1366760934303914,7
2022-04-04,0.06922212063979644,13
2022-04-05,-0.09502776236169869,9
2022-04-06,-0.012515011657443311,9
2022-04-07,0.038523754104971886,6
2022-04-08,0.15318620537540742,7
2022-04-09,-0.011694832239300013,4
2022-04-10,0.24321693057815233,6
2022-04-11,0.09499359969049692,7
2022-04-12,0.12595737781375646,5
2022-04-13,0.021236981434578247,11
2022-04-14,0.2815697571883599,12
2022-04-15,0.1362412932794541,8
2022-04-16,0.10903033715757457,11
2022-04-17,-0.0034052804112434387,1
2022-04-18,0.36126457582423954,38
2022-04-19,0.27999455566433346,22
2022-04-20,-0.3110566122767826,30
2022-04-21,-0.3887368465143749,34
2022-04-22,-0.4207066885040452,42
2022-04-23,-0.22618984050032767,11
2022-04-24,0.07270372360944748,5
2022-04-25,-0.03605956395363642,18
2022-04-26,-0.32173717713781763,7
2022-04-27,-0.02899040499081214,9
2022-04-28,-0.10263162308062117,6
2022-04-29,-0.284343147999607,8
2022-04-30,-0.2662937631830573,4
2022-05-01,0.006826754659414291,2
2022-05-02,0.3977855483070016,5
2022-05-03,0.17050839960575104,4
2022-05-04,0.21409445686731488,8
2022-05-05,0.2427968598135254,17
2022-05-06,0.07003593143935387,13
2022-05-07,0.38455970119684935,2
2022-05-08,0.012125298380851746,2
2022-05-09,0.2799635117740503,14
2022-05-10,0.08262548241764307,5
2022-05-11,-0.13168702519033104,12
2022-05-12,0.09751698554803928,15
2022-05-13,0.15333654824644327,7
2022-05-14,-0.05961160268634558,2
2022-05-16,0.2817211919464171,27
2022-05-17,0.1858241027553699,28
2022-05-18,0.3149457290082386,19
2022-05-19,0.16140273860655724,20
2022-05-20,0.13927097618579865,6
2022-05-21,0.16026809997856617,3
2022-05-22,-0.3269159628544003,4
2022-05-23,0.2742542279884219,11
2022-05-24,-0.03251964853455623,15
2022-05-25,0.04580943414475769,8
2022-05-26,0.1277558416237726,17
2022-05-27,-0.14485947621454084,14
2022-05-28,-0.4214207854432364,6
2022-05-29,-0.6253966819494963,1
2022-05-30,-0.40344104878604414,5
2022-05-31,0.27250095903097343,12
2022-06-01,0.15594542673271564,9
2022-06-02,0.09368003571095566,18
2022-06-03,0.2276874217537365,14
2022-06-04,-0.46209864057600497,5
2022-06-05,0.49704935122281313,1
2022-06-06,0.10555404905850689,6
2022-06-07,0.0617880887085838,14
2022-06-08,0.02970971685967275,7
2022-06-09,-0.2002257083853086,3
2022-06-10,-0.029142883968436055,9
2022-06-12,-0.0014079762622714043,4
2022-06-13,0.25503359956201166,4
2022-06-14,0.25914452937789834,13
2022-06-15,0.20255191531032324,13
2022-06-16,-0.27910325915685724,14
2022-06-17,0.030311127775348723,24
2022-06-18,-0.2830617984135946,15
2022-06-19,-0.17473367601633072,4
2022-06-20,-0.21799544256646186,8
2022-06-21,0.05520952361014982,6
2022-06-22,0.07952322733278076,6
2022-06-23,-0.06670845479571394,21
2022-06-24,0.5449219878452519,6
2022-06-25,0.10833830758929253,3
2022-06-26,0.21667618371014083,7
2022-06-27,-0.16493253110508835,7
2022-06-28,0.3683675858968248,12
2022-06-29,0.09988321829587221,6
2022-06-30,0.14589657001197337,15
2022-07-01,-0.0816165842115879,7
2022-07-02,0.21076014865603712,9
2022-07-03,-0.1169105960199466,13
2022-07-04,0.027521734513963263,12
2022-07-05,0.10951717651914805,8
2022-07-06,0.09458988253027201,2
2022-07-07,0.13721798826009035,2
2022-07-08,0.08822386641986668,8
2022-07-09,0.03670204430818558,1
2022-07-10,0.10940470080822706,6
2022-07-11,-0.450792888024201,6
2022-07-12,0.024342089865563646,18
2022-07-13,0.07740161868019237,9
2022-07-14,0.36575098142314416,13
2022-07-15,-0.031099865213036537,11
2022-07-16,0.04653414680312077,3
2022-07-17,0.012645710570116838,3
2022-07-18,0.29530668817460537,14
2022-07-19,0.4783417936837809,11
2022-07-20,0.10952667004483588,17
2022-07-21,-0.17627233655794577,17
2022-07-22,-0.5869264701541397,64
2022-07-23,-0.7987321084365249,3
2022-07-24,-0.44335981815432507,6
2022-07-25,-0.053849138648194426,17
2022-07-26,0.07392198080196977,24
2022-07-27,0.15796803212564053,29
2022-07-28,0.01654509381790246,14
2022-07-29,-0.034715291910937855,14
2022-07-30,0.00857332767918706,4
2022-07-31,-0.03889072525568984,11
2022-08-01,0.04061847894142071,6
2022-08-02,-0.07544071872585587,14
2022-08-03,0.2657911979061152,14
2022-08-04,0.20285911040587556,9
2022-08-05,-0.058171986868338924,7
2022-08-06,-0.2969032072772582,3
2022-08-07,0.08248984254896641,1
2022-08-08,0.13828812619405134,7
2022-08-09,0.04340039688924497,11
2022-08-10,0.20006366594073674,12
2022-08-11,-0.09998330736861509,17
2022-08-12,-0.20979175317500318,7
2022-08-14,-0.37202948424965143,2
2022-08-15,0.05719327121706946,14
2022-08-16,-0.09671164376454221,9
2022-08-17,0.08737960577543293,14
2022-08-18,-0.3099490770449241,15
2022-08-19,0.12521500512957573,2
2022-08-21,0.12361244950443506,1
2022-08-22,-0.08860627034058173,12
2022-08-23,-0.10970279993489385,6
2022-08-24,0.10761450361460448,10
2022-08-25,0.23395786276087166,10
2022-08-26,0.08249538756596546,6
2022-08-27,-0.27184116281569004,4
2022-08-28,0.10781081626191735,2
2022-08-29,-0.03347389157861471,5
2022-08-30,0.010875661973841488,8
2022-08-31,0.25327769536525013,10
2022-09-01,0.37681993733470637,6
2022-09-02,0.05559106823056936,6
2022-09-03,0.117647290462628,4
2022-09-04,0.17565142875537276,2
2022-09-05,0.2149784437691172,3
2022-09-06,0.15287501957001431,14
2022-09-07,-0.023003251461142845,11
2022-09-08,-0.06123769573648186,17
2022-09-09,0.11296918163342136,14
2022-09-10,0.41882382463663814,5
2022-09-11,-0.006146097555756569,1
2022-09-12,0.14775138441473246,8
2022-09-13,0.07714908764782277,11
2022-09-14,-0.3892649422184779,13
2022-09-15,0.055302444168112495,11
2022-09-16,0.03958820031645397,12
2022-09-17,0.7048618208616972,5
2022-09-18,0.061438601153592266,3
2022-09-19,-0.04729470827927192,9
2022-09-20,0.11565212940331548,8
2022-09-21,-0.10765921320258216,11
2022-09-22,0.04068386535315464,12
2022-09-23,0.195133431465365,8
2022-09-24,0.43373723048716784,3
2022-09-25,0.09519470032925408,3
2022-09-26,0.23628577248503765,3
2022-09-27,0.11531563202983566,14
2022-09-28,0.1366111825045664,32
2022-09-29,0.15309614337121064,13
2022-09-30,0.021693615755066276,20
2022-10-01,0.14925869200378655,5
2022-10-02,-0.3123572012409568,4
2022-10-03,-0.13426574432690228,14
2022-10-04,-0.20225285665275386,26
2022-10-05,-0.1456589641268639,17
2022-10-06,0.26496034308981437,26
2022-10-07,0.06346919403877109,20
2022-10-08,-0.04424013818303744,3
2022-10-09,0.05681562745435671,11
2022-10-10,0.09033022628032736,14
2022-10-11,0.16801090785660422,13
2022-10-12,-0.009632409589054683,12
2022-10-13,0.23853715143811244,13
2022-10-14,-0.07450046297162771,3
2022-10-15,0.2140143442278107,6
2022-10-16,0.17216796497814357,4
2022-10-17,0.23522684620693327,25
2022-10-18,0.02633760288796004,17
2022-10-19,-0.008386780915316194,8
2022-10-20,0.013787464611232281,20
2022-10-21,-0.21839384342144644,35
2022-10-22,0.2006227970123291,2
2022-10-23,-0.05068565416149795,2
2022-10-24,0.39231255153814953,9
2022-10-25,-0.00486765056848526,8
2022-10-26,-0.02593657304532826,4
2022-10-27,0.23919960705097765,8
2022-10-28,0.37016670921674144,13
2022-10-29,0.471632469817996,5
2022-10-30,-0.1090654619038105,3
2022-10-31,0.09019453381188214,8
2022-11-01,0.22262134812772275,5
2022-11-02,-0.3286803159146355,13
2022-11-03,0.018157773784228733,7
2022-11-04,0.25032656779512763,4
2022-11-06,0.2749359778439005,3
2022-11-07,0.059573029556001224,6
2022-11-08,0.24948884937912225,5
2022-11-09,0.5142810204997659,1
2022-11-10,-0.1955995475873351,3
2022-11-11,0.08514202510317166,3
2022-11-12,0.8331293500959873,1
2022-11-13,-0.17460950324311852,4
2022-11-14,-0.12191588028023641,3
2022-11-15,0.30337833845987916,13
2022-11-16,0.10205419164978796,9
2022-11-17,0.15767066096886992,10
2022-11-18,0.231076725344691,9
2022-11-19,0.39203952966878813,3
2022-11-20,0.34277427662163973,2
2022-11-21,-0.2929585349435608,3
2022-11-22,0.012174129486083984,4
2022-11-23,0.2205152646638453,6
2022-11-24,-0.006064756773412228,2
2022-11-25,0.08160058005402486,6
2022-11-26,0.11029970273375511,3
2022-11-27,-0.18964744862169028,5
2022-11-28,0.14156142193824053,5
2022-11-29,-0.004700634473313888,12
2022-11-30,0.13474193955771624,10
2022-12-01,-0.04568754881620407,16
2022-12-02,0.17731256817933172,8
2022-12-03,-0.2583647621795535,3
2022-12-04,0.014807995408773422,1
2022-12-05,0.10273264871910215,25
2022-12-06,0.13502158184668847,7
2022-12-07,0.17287571635097265,9
2022-12-08,0.1801726996898651,10
2022-12-09,0.11447875279312332,18
2022-12-10,-0.24051960123082003,3
2022-12-11,-0.3044662354514003,2
2022-12-12,-0.10355341285467148,5
2022-12-13,0.2895710394821233,9
2022-12-14,0.3357362684328109,12
2022-12-15,0.1797472704719338,18
2022-12-16,0.017668553131322064,15
2022-12-17,-0.013760579882987909,7
2022-12-18,-0.2643050553277135,5
2022-12-19,0.045664409175515175,11
2022-12-20,-0.027739645447582006,4
2022-12-21,-0.15020143426954746,5
2022-12-22,0.10996158607304096,11
2022-12-23,0.10907354312283653,7
2022-12-24,-0.13235600013285875,2
2022-12-25,-0.1924968088666598,12
2022-12-26,0.013893956008056799,3
2022-12-27,0.5598311126232147,6
2022-12-28,0.00046447571367025375,3
2022-12-29,-0.5207271426916122,2
2022-12-30,-0.5868257667558888,6
2022-12-31,0.24359743809327483,4
2023-01-01,-0.32586176111362875,4
2023-01-02,-0.03279237610033967,11
2023-01-03,-0.1533377305330599,17
2023-01-04,-0.1216268561159571,9
2023-01-05,0.0972163762995287,19
2023-01-06,0.16493764667150876,12
2023-01-07,-0.17173045811553797,3
2023-01-08,-0.36942225974053144,4
2023-01-09,0.09877442869429405,13
2023-01-10,0.07885424979031086,3
2023-01-11,0.39336314611136913,6
2023-01-12,0.4505621853417584,7
2023-01-13,0.27672303813908783,7
2023-01-14,0.23831077432259917,1
2023-01-15,-0.1746302954852581,2
2023-01-16,0.03581776423379779,4
2023-01-17,0.07123787359644969,6
2023-01-18,0.16475684449753977,11
2023-01-19,0.3021133248694241,4
2023-01-20,0.03629741658057485,7
2023-01-21,-0.00819997675716877,3
2023-01-23,0.2088122759014368,6
2023-01-24,-0.17660582512617112,35
2023-01-25,-0.12934975963659012,13
2023-01-26,0.11471569002605975,10
2023-01-27,-0.0913577222575744,3
2023-01-28,0.33731472468934953,4
2023-01-29,0.08005968760699034,2
2023-01-30,-0.06939246598631144,8
2023-01-31,0.05585075914859772,3
2023-02-01,0.2536967429332435,4
2023-02-02,0.026082648795896342,14
2023-02-03,0.08348847134038806,8
2023-02-04,0.07486798358149827,4
2023-02-05,0.2836816944181919,1
2023-02-06,-0.23278812877833843,2
2023-02-07,0.09960127114835712,9
2023-02-08,0.2403306954074651,10
2023-02-09,0.056547313812188804,8
2023-02-10,-0.0775962309911847,10
2023-02-11,-0.47184310108423233,2
2023-02-12,0.4048680765554309,2
2023-02-13,0.06138940784148872,4
2023-02-14,-0.027891485951840878,6
2023-02-15,0.37129786505829543,12
2023-02-16,-0.1576364642009139,5
2023-02-17,-0.10334235274543364,6
2023-02-19,0.008345693349838257,1
2023-02-20,-0.038047202746383846,8
2023-02-21,0.03730023248742024,6
2023-02-22,0.15187595933675765,5
2023-02-23,0.019357296505144665,7
2023-02-24,-0.01642364833969623,8
2023-02-25,-0.24075312609784305,4
2023-02-26,0.008016495034098625,1
2023-02-27,0.4087352102311949,3
2023-02-28,0.5024020433691996,7
2023-03-01,0.38645580913206296,14
2023-03-02,0.37768769107589667,11
2023-03-03,-0.063168016821146,15
2023-03-04,-0.004706386476755142,3
2023-03-05,-0.4915695278905332,4
2023-03-06,0.060874820314347745,10
2023-03-07,0.12294184946222231,16
2023-03-08,0.43866434767842294,5
2023-03-09,0.29184390425584034,19
2023-03-10,-0.014932509304748641,9
2023-03-11,-0.3628399916924536,4
2023-03-12,-0.0080144964158535,2
2023-03-13,0.12162455935031176,5
2023-03-14,0.08216081908904016,4
2023-03-15,0.3789298426127061,8
2023-03-16,0.40638551451265814,5
2023-03-17,0.3573234441379706,6
2023-03-18,-0.849092485383153,1
2023-03-19,0.10030052158981562,3
2023-03-20,-0.08094320772215724,6
2023-03-21,0.6664911093190312,5
2023-03-22,0.08642745530232787,20
2023-03-23,0.02856183974072337,35
2023-03-24,-0.15285932465589472,14
2023-03-25,0.027216462841765446,11
2023-03-26,-0.05771770663559437,10
2023-03-27,-0.06324164629248637,14
2023-03-28,0.19926448044582054,13
2023-03-29,0.20559223061427473,20
2023-03-30,0.3834488876522161,26
2023-03-31,0.4522808964571191,36
2023-04-01,-0.11089066276326776,20
2023-04-02,-0.031035831104964016,10
2023-04-03,0.16956839492611056,28
2023-04-04,0.09024855626099136,23
2023-04-05,0.043070396313189784,44
2023-04-06,0.15278643120080232,25
2023-04-07,0.18625010586240226,18
2023-04-08,0.007668771967291832,10
2023-04-09,0.09631907899997064,7
2023-04-10,0.13392144540945689,15
2023-04-11,-0.08279338127209081,9
2023-04-12,0.2473316593982634,21
2023-04-13,0.18865040482275866,22
2023-04-14,0.16196858218278398,22
2023-04-15,0.14765776081808976,7
2023-04-16,0.05075058961908022,9
2023-04-17,0.04710925415296246,27
2023-04-18,0.2986985090224502,26
2023-04-19,0.18992507898817873,36
2023-04-20,-0.08668327232589945,24
2023-04-21,-0.09912487709273894,27
2023-04-22,-0.006470815744251013,8
2023-04-23,0.2569513427093625,5
2023-04-24,-0.14152202407907075,24
2023-04-25,-0.28225526629333814,41
2023-04-26,0.028871599965813486,44
2023-04-27,0.12943766701563791,37
2023-04-28,-0.11965085428796317,19
2023-04-29,0.1014544849928755,13
2023-04-30,0.16792590357363224,9
2023-05-01,0.03036335948854685,12
2023-05-02,-0.01824179943650961,23
2023-05-03,-0.056554153180596506,22
2023-05-04,0.08190780615603382,11
2023-05-05,0.04058990640831845,21
2023-05-06,0.12799341659992933,10
2023-05-07,0.020969999954104424,8
2023-05-08,0.09015393732115626,20
2023-05-09,0.3493435560616062,17
2023-05-10,0.31481082033964675,28
2023-05-11,0.1886144035657787,23
2023-05-12,0.1504990509711206,16
2023-05-13,0.07607059641496132,19
2023-05-14,0.044059423916041854,5
2023-05-15,-0.16691599063397872,21
2023-05-16,0.14065756604075433,50
2023-05-17,0.09207819642559174,31
2023-05-18,0.1038764026015997,13
2023-05-19,0.12736783681535407,19
2023-05-20,-0.15369710754603147,5
2023-05-21,-0.5385003179932634,3
2023-05-22,-0.050890897612341425,22
2023-05-23,0.3776460486774643,15
2023-05-24,-0.24969087913632393,12
2023-05-25,-0.38080285186879337,28
2023-05-26,-0.03646886912996278,17
2023-05-27,-0.32690774090588093,2
2023-05-28,-0.18516531381756068,5
2023-05-29,-0.46949484825811605,11
2023-05-30,-0.015521091502159834,10
2023-05-31,0.18165287340525538,24
2023-06-01,0.16068423723939945,27
2023-06-02,-0.05968468448751279,37
2023-06-03,-0.13676849038650593,3
2023-06-04,0.008983708504173491,9
2023-06-05,0.07563022467429223,23
2023-06-06,-0.12513534489664294,21
2023-06-07,0.14147616663065396,19
2023-06-08,0.07444214654843444,23
2023-06-09,0.036726981215178964,15
2023-06-10,0.3132567772641778,5
2023-06-11,0.015520501509308815,15
2023-06-12,0.07459747970390779,13
2023-06-13,0.03458398828903834,21
2023-06-14,0.3635674469934946,11
2023-06-15,0.16644310307773677,22
2023-06-16,0.052898073010146617,5
2023-06-17,-0.0755327755274872,12
2023-06-18,0.08251585314671199,9
2023-06-19,-0.11757452933428188,12
2023-06-20,0.18355784311213277,22
2023-06-21,0.4904404162163181,14
2023-06-22,0.2532338850377571,21
2023-06-23,0.11568639865145088,10
2023-06-24,0.1803983754167954,12
2023-06-25,0.07502916548401117,4
2023-06-26,0.08644170077009634,11
2023-06-27,0.3387299085734412,20
2023-06-28,0.20358592985818783,3
2023-06-29,0.18262378616879385,15
2023-06-30,-0.5024631144233832,19
2023-07-01,-0.2549640327536811,12
2023-07-02,0.09057388801804998,11
2023-07-03,0.028670875433211524,12
2023-07-04,0.06362010925435103,13
2023-07-05,0.24288124704201305,21
2023-07-06,-0.03333373856730759,24
2023-07-07,0.15501033360487781,16
2023-07-08,-0.0962011042671899,6
2023-07-09,-0.05575575369099776,6
2023-07-10,0.26844539896895486,15
2023-07-11,0.15598913557503535,23
2023-07-12,0.04997640409107719,14
2023-07-13,0.30055761161363787,27
2023-07-14,-0.10343982586637139,10
2023-07-15,0.020356341132095883,7
2023-07-16,-0.09849355065756861,17
2023-07-17,-0.14067957969382405,30
2023-07-18,0.20812426801197803,26
2023-07-19,0.23256868572373476,35
2023-07-20,-0.060564012018342814,45
2023-07-21,-0.11608819967313182,21
2023-07-22,0.03360463814953199,13
2023-07-23,-0.014293116015883593,13
2023-07-24,0.013529364790382057,29
2023-07-25,0.19407757629372485,73
2023-07-26,-0.12258085326032071,61
2023-07-27,-0.06654617027379572,28
2023-07-28,0.13370854967844584,31
2023-07-29,0.279076530598104,15
2023-07-30,0.04225274454802275,13
2023-07-31,-0.12885092524811625,14
2023-08-01,0.2245161503739655,25
2023-08-02,-0.0773617493158037,22
2023-08-03,-0.1656635909786691,23
2023-08-04,0.1384266204511126,15
2023-08-05,0.11941545304695242,19
2023-08-06,0.08698595501482487,2
2023-08-07,0.18210416834335774,12
2023-08-08,-0.03651703355301704,28
2023-08-09,0.0768272471500606,41
2023-08-10,0.1759202980902046,54
2023-08-11,0.2955539121532873,31
2023-08-12,0.06965572759509087,25
2023-08-13,0.09512621146582421,21
2023-08-14,0.357052374111178,60
2023-08-15,0.22755518849210246,23
2023-08-16,0.03494679895432099,23
2023-08-17,0.22866883648869893,24
2023-08-18,0.10401475476101041,20
2023-08-19,0.1494852088258735,7
2023-08-20,0.11940079575611486,9
2023-08-21,0.027058644654850163,15
2023-08-22,0.2165820117553939,23
2023-08-23,0.13624168117530644,12
2023-08-24,-0.14174262961993614,15
2023-08-25,0.13720057551365564,17
2023-08-26,0.10476282658055425,4
2023-08-27,0.14869638511704075,9
2023-08-28,0.18715129554381266,17
2023-08-29,0.2303340441693424,51
2023-08-30,0.10786484472919255,24
2023-08-31,0.2834598601150971,13
2023-09-01,0.23393497008242106,19
2023-09-02,-0.13553787448576518,14
2023-09-03,0.30695620578314575,7
2023-09-04,0.3190934549784288,8
2023-09-05,0.15924802356783083,17
2023-09-06,-0.11687666503712535,22
2023-09-07,0.08600713873282075,25
2023-09-08,-0.007315042259340937,22
2023-09-09,-0.08706078798110996,14
2023-09-10,0.01282661414006725,16
2023-09-11,0.04687486824524753,17
2023-09-12,-0.08589476898312569,25
2023-09-13,0.04412625581026077,30
2023-09-14,0.03318534830274681,24
2023-09-15,-0.15697502500980215,34
2023-09-16,0.005656527458793587,9
2023-09-17,-0.16531875577162614,11
2023-09-18,0.047839766343761435,38
2023-09-19,0.1234011403284967,28
2023-09-20,0.06755664141383022,24
2023-09-21,0.045461936165457184,23
2023-09-22,0.04699901659041643,30
2023-09-23,0.1638282159851356,11
2023-09-24,0.1214928837043458,29
2023-09-25,0.09559014432418805,26
2023-09-26,0.12615236819588713,14
2023-09-27,0.02821513609960675,10
2023-09-28,0.08701357537541878,22
2023-09-29,0.027436600252985954,10
2023-09-30,-0.18025816224204996,24
2023-10-01,-0.11149093066342175,8
2023-10-02,-0.06645149365067482,15
2023-10-03,0.11228125284497555,13
2023-10-04,-0.024287637177621946,32
2023-10-05,0.05843607060935186,23
2023-10-06,-0.20196514906685636,23
2023-10-07,-0.167032787787982,11
2023-10-08,-0.013167420277992885,15
2023-10-09,0.11030691040849144,22
2023-10-10,0.1526997891419074,17
2023-10-11,-0.13498288113623857,8
2023-10-12,0.16431887825841412,17
2023-10-13,0.19929093452678484,11
2023-10-14,-0.0020660250447690487,10
2023-10-15,0.14929334935732186,10
2023-10-16,0.1387757535558194,16
2023-10-17,0.21988622506614774,20
2023-10-18,0.2235442528501153,10
2023-10-19,0.1346399890473829,13
2023-10-20,-0.07611397534076657,14
2023-10-21,-0.25955112297087907,10
2023-10-22,0.05314642140133814,11
2023-10-23,0.05602051417032878,15
2023-10-24,0.4329670329963596,58
2023-10-25,0.23594857341445544,17
2023-10-26,-0.03024445183794288,17
2023-10-27,0.06769483711789637,17
2023-10-28,0.026650659553706647,5
2023-10-29,0.045510808180551976,16
2023-10-30,0.1972900488855023,19
2023-10-31,0.1407753431238234,10
2023-11-01,0.02314780592918396,25
2023-11-02,0.1539022252545692,16
2023-11-03,0.24619529915175267,14
2023-11-04,-0.1466642286007603,12
2023-11-05,0.606289072583119,3
2023-11-06,-0.3641099684279073,11
2023-11-07,0.12950237107503673,23
2023-11-08,0.4563513376883098,14
2023-11-09,0.21095904568210244,26
2023-11-10,0.017080547460527333,27
2023-11-11,-0.042909737676382065,10
2023-11-12,0.0969595018774271,5
2023-11-13,-0.03386135306209326,8
2023-11-14,-0.06938725386691444,17
2023-11-15,-0.026567020782214755,17
2023-11-16,-0.01176557670502613,24
2023-11-17,0.13792395549402994,11
2023-11-18,0.29961524764075875,6
2023-11-19,-0.0960403234930709,8
2023-11-20,0.11412682756781578,9
2023-11-21,0.35274765361100435,14
2023-11-22,0.1403059558096257,11
2023-11-23,0.33023527842015027,5
2023-11-24,-0.04848973012783311,11
2023-11-25,0.08448483484486739,3
2023-11-26,0.09572110278531909,2
2023-11-27,0.13185767947950147,11
2023-11-28,0.20648909879050084,7
2023-11-29,0.2777605819050223,10
2023-11-30,0.04928366177611881,9
2023-12-01,0.06444039110404749,12
2023-12-02,0.03973551311840614,3
2023-12-03,-0.6905905893072486,2
2023-12-04,0.2430654257768765,40
2023-12-05,0.12852936014921093,24
2023-12-06,0.25160015253897977,34
2023-12-07,0.17860788918915205,16
2023-12-08,0.014050374705610531,14
2023-12-09,0.237147310216512,14
2023-12-10,0.09335373183712363,10
2023-12-11,0.29149525329869774,28
2023-12-12,0.0028967065462733015,17
2023-12-13,0.15355212336334473,26
2023-12-14,0.15334193254085748,38
2023-12-15,0.08991266808544214,39
2023-12-16,-0.036614783538075596,13
2023-12-17,-0.09743436286225915,24
2023-12-18,0.009037796800073824,19
2023-12-19,0.09496260824722841,34
2023-12-20,0.21893414365353459,33
2023-12-21,0.23479729236957306,24
2023-12-22,0.1793220421113074,25
2023-12-23,0.20635929740965367,5
2023-12-24,-0.06643382534384727,10
2023-12-25,-0.20792548120435742,18
2023-12-26,-0.045424848969560117,16
2023-12-27,-0.0016569430008530617,3
2023-12-28,0.004594323690980673,13
2023-12-29,0.06706875859526917,16
2023-12-30,0.03636060422286391,12
2023-12-31,-0.3123047789558768,4
2024-01-01,-0.02110608346346352,9
2024-01-02,-0.0537188084992139,19
2024-01-03,0.18022019351418647,36
2024-01-04,0.09995255981468493,54
2024-01-05,0.009525068802759051,70
2024-01-06,-0.03942843972306166,14
2024-01-07,0.017021677146355312,9
2024-01-08,-0.033151950547471644,40
2024-01-09,0.12038458118331619,32
2024-01-10,0.010794384780550195,31
2024-01-11,0.0023713294092727742,23
2024-01-12,-0.059163196943700314,25
2024-01-13,-0.20318481158465146,5
2024-01-14,0.00419372646138072,4
2024-01-15,-0.05430908146081492,16
2024-01-16,0.22145625752662973,28
2024-01-17,-0.21436066789790353,47
2024-01-18,0.023050009572346295,28
2024-01-19,-0.006912135945943494,24
2024-01-20,-0.1875160276889801,5
2024-01-21,-0.07681910625912926,11
2024-01-22,0.04000198163299097,18
2024-01-23,0.3521129621689518,75
2024-01-24,0.09865568345412612,58
2024-01-25,0.25506868882056993,39
2024-01-26,0.1892711288528517,16
2024-01-27,0.312463070665087,7
2024-01-28,0.12546772927406333,31
2024-01-29,0.12163823300405689,23
2024-01-30,0.2848889640483417,19
2024-01-31,-0.03301468111264209,18
2024-02-01,0.08105573180530752,35
2024-02-02,0.16945356785975121,27
2024-02-03,-0.07424866987599267,9
2024-02-04,-0.004429878123725454,12
2024-02-05,0.19026072827451254,23
2024-02-06,-0.06790840423441138,29
2024-02-07,0.027339860927895643,32
2024-02-08,-0.007276055356487632,20
2024-02-09,0.1497688819281757,25
2024-02-10,0.2367057631490752,8
2024-02-11,0.050135355800963365,13
2024-02-12,-0.012355428682640194,50
2024-02-13,0.07163125879596918,20
2024-02-14,0.10701782615589243,21
2024-02-15,0.14448254037758007,34
2024-02-16,0.06642100011231378,24
2024-02-17,0.08892492763698101,4
2024-02-18,-0.2614266781343354,9
2024-02-19,-0.12025869810022413,20
2024-02-20,0.18324426497871937,19
2024-02-21,0.29754364117980003,6
2024-02-22,-0.642282276548338,139
2024-02-23,0.16052810432246098,26
2024-02-24,0.09034380526281893,12
2024-02-25,-0.013582743704319,2
2024-02-26,0.24888317727406198,24
2024-02-27,0.10448069847991755,29
2024-02-28,0.14816140999928826,21
2024-02-29,0.09827061852923145,27
2024-03-01,0.19160115411505102,20
2024-03-02,0.10159930990387996,6
2024-03-03,0.12409637744228046,9
2024-03-04,0.1980414865538478,13
2024-03-05,0.20592004323706908,17
2024-03-06,0.09098206142274042,24
2024-03-07,0.051538428058847785,28
2024-03-08,-0.10759690502548919,17
2024-03-09,-0.160316640003161,11
2024-03-10,0.24345381371676922,2
2024-03-11,0.07528840331360698,14
2024-03-12,0.24488612525165082,15
2024-03-13,0.31081223860383034,10
2024-03-14,0.19369746808661148,16
2024-03-15,0.1203860354007167,17
2024-03-16,0.09461776124170193,13
2024-03-17,-0.18880505133420228,10
2024-03-18,-0.0497114343430709,27
2024-03-19,0.01268776644553457,35
2024-03-20,-0.060303403260676486,19
2024-03-21,0.010703336160916548,26
2024-03-22,-0.1673020815476775,10
2024-03-23,0.10477801668457687,4
2024-03-24,0.08459899103378549,17
2024-03-25,0.020938654609311085,26
2024-03-26,0.0807164926414511,28
2024-03-27,0.045332206860184666,25
2024-03-28,0.19607952185573854,28
2024-03-29,0.14526217852835543,16
2024-03-30,0.0003275539105137189,12
2024-03-31,-0.006092913759251435,9
2024-04-01,-0.07762132794596255,28
2024-04-02,0.15898729537823988,31
2024-04-03,-0.0732992582100754,24
2024-04-04,0.052849116942120924,36
2024-04-05,0.12250398095697164,25
2024-04-06,0.06979896442499012,16
2024-04-07,-0.16218967528806794,9
2024-04-08,-0.047645739279687405,24
2024-04-09,0.09724876696341916,19
2024-04-10,-0.01816826657607005,13
2024-04-11,0.12459974761845337,18
2024-04-12,0.10217896813992411,16
2024-04-13,-8.064880967140198e-05,17
2024-04-14,0.0716799239679757,18
2024-04-15,-0.009613635657089097,35
2024-04-16,-0.012963145703542978,40
2024-04-17,-0.03458935057680155,29
2024-04-18,-0.054582878636817135,18
2024-04-19,0.09011489290278404,20
2024-04-20,0.2102865856140852,22
2024-04-21,-0.013082882210325737,26
2024-04-22,-0.055377131276955344,73
2024-04-23,0.04643916039678611,38
2024-04-24,0.1624082865814368,30
2024-04-25,0.19618681049905717,22
2024-04-26,0.2723852852531881,27
2024-04-27,0.14457266819145945,9
2024-04-28,0.1723732304138442,6
2024-04-29,-0.10829791588087877,30
2024-04-30,-0.1822429094729679,35
2024-05-01,-0.25436342583070026,29
2024-05-02,0.02071873892975204,34
2024-05-03,0.007922569782856633,17
2024-05-04,-0.16541946679353714,18
2024-05-05,-0.018855585147523217,18
2024-05-06,0.16516390285993876,19
2024-05-07,0.0692346598370932,16
2024-05-08,-0.08562861684088906,15
2024-05-09,0.15610091819260746,39
2024-05-10,0.06181925003740774,46
2024-05-11,-0.18588333893567324,10
2024-05-12,-0.1420723252141705,13
2024-05-13,0.018859202042222023,16
2024-05-14,0.15436231199651956,25
2024-05-15,0.33189831310883167,10
2024-05-16,0.06411898193451074,13
2024-05-17,-0.008939661913447909,18
2024-05-18,0.0921925650909543,11
2024-05-19,-0.05095224198885262,12
2024-05-20,0.007647110149264336,11
2024-05-21,-0.1936947969863048,13
2024-05-22,-0.155817452352494,4
2024-05-23,-0.07056586047013601,15
2024-05-24,0.007390871178358793,6
2024-05-25,-0.1326026770984754,8
2024-05-26,0.000658700242638588,6
2024-05-27,-0.1458344215527177,5
2024-05-28,0.10881337197497487,10
2024-05-29,0.2754627565692107,52
2024-05-30,0.33168546778436464,26
2024-05-31,0.01727630527290915,28
2024-06-01,-0.05608141964132136,11
2024-06-02,-0.04197708051651716,10
2024-06-03,0.060423074290156364,19
2024-06-04,-0.31411706068767953,26
2024-06-05,-0.31791131107214216,24
2024-06-06,0.13703222347423435,25
2024-06-07,-0.13143908341104785,18
2024-06-08,0.05382577430767318,12
2024-06-09,0.012248035613447427,10
2024-06-10,0.1049425353296101,10
2024-06-11,0.15436093387408897,13
2024-06-12,-0.010704213462304324,16
2024-06-13,0.2056245095251749,12
2024-06-14,-0.12490773070603609,10
2024-06-15,0.06601112841495446,14
2024-06-16,-0.016993233135768344,7
2024-06-17,-0.08621233953163028,10
2024-06-18,0.1079218716420714,31
2024-06-19,0.18909419856259022,29
2024-06-20,0.22150901103900236,22
2024-06-21,0.06243273732252419,12
2024-06-22,-0.1631977708840912,11
2024-06-23,-0.035562439156430106,7
2024-06-24,0.2950420309789479,15
2024-06-25,-0.2183642106751601,30
2024-06-26,0.02254799697548151,50
2024-06-27,-0.4902682603099086,47
2024-06-28,-0.1925002711825073,25
2024-06-29,0.12279018972601209,14
2024-06-30,0.00961968544870615,10
2024-07-01,-0.011979694943875074,21
2024-07-02,0.12735858580304515,18
2024-07-03,-0.17724821688607334,10
2024-07-04,0.18693716265261173,16
2024-07-05,0.2602557563222945,10
2024-07-06,0.15062536099659546,14
2024-07-07,0.10231375476966302,6
2024-07-08,-0.03735745940357447,5
2024-07-09,-0.39074490731582046,14
2024-07-10,0.04467107709497213,5
2024-07-11,0.009544061302828291,24
2024-07-12,0.15146743834895246,17
2024-07-13,0.18112901117031774,6
2024-07-14,0.07118761842139065,4
2024-07-15,-0.3201305258087814,30
2024-07-16,-0.2533257102142229,33
2024-07-17,0.12072105210666594,19
2024-07-18,0.09276389601291157,32
2024-07-19,-0.07799739142258962,15
2024-07-20,0.22088513212899366,6
2024-07-21,0.049542723637488156,9
2024-07-22,-0.21383487340062857,70
2024-07-23,-0.3304239629767835,30
2024-07-24,-0.022735067521748337,23
2024-07-25,0.04531982060717909,19
2024-07-26,0.10798904846111933,15
2024-07-27,-0.05289566383830139,14
2024-07-28,-0.023426889441907406,7
2024-07-29,0.27645202519165146,9
2024-07-30,-0.011792709973330298,12
2024-07-31,0.22523924081275862,15
2024-08-01,-0.21685294825583695,5
2024-08-02,0.11848637823843294,9
2024-08-03,-0.1469549085944891,5
2024-08-04,-0.13136126678436993,5
2024-08-05,-0.0947586102411151,10
2024-08-06,0.06333062973701292,18
2024-08-07,0.13049934519222006,16
2024-08-08,-0.0836239741350125,28
2024-08-09,-0.14374618739303616,9
2024-08-10,0.23098942153155805,5
2024-08-11,0.011321497149765491,4
2024-08-12,0.1265464775264263,10
2024-08-13,0.32180737806484105,15
2024-08-14,0.20230483100749552,8
2024-08-15,-0.3370838038972579,16
2024-08-16,-0.19783361507579683,20
2024-08-17,0.13792721752543002,8
2024-08-18,0.05692954454571009,10
2024-08-19,-0.3273185080848634,10
2024-08-20,-0.05187195854691359,13
2024-08-21,0.09489473840221763,12
2024-08-22,0.1371545962227339,11
2024-08-23,0.06171398713356919,9
2024-08-24,-0.2504318791131179,6
2024-08-25,0.296363104484044,8
2024-08-26,0.07021278229852518,15
2024-08-27,0.026690570792804163,12
2024-08-28,0.1807444162018921,23
2024-08-29,0.09576953605057732,31
2024-08-30,0.007317191659240052,16
2024-08-31,0.02709504511828224,12
2024-09-01,-0.14772913131552437,12
2024-09-02,0.0742786021006328,27
2024-09-03,0.02637998518449339,22
2024-09-04,-0.005317797091462322,37
2024-09-05,0.355021757397895,158
2024-09-06,0.17750562254546418,45
2024-09-07,0.16349934126871327,12
2024-09-08,0.0666026622056961,15
2024-09-09,0.146997459575926,19
2024-09-10,-0.09669409240954198,26
2024-09-11,0.1617233304020304,13
2024-09-12,-0.10582292061299085,30
2024-09-13,-0.0375282334968109,22
2024-09-14,0.007746174745261669,15
2024-09-15,-0.1886568816585673,9
2024-09-16,0.07582536289611688,13
2024-09-17,0.057571782401817685,17
2024-09-18,0.09989916133310865,17
2024-09-19,0.13717774668475613,16
2024-09-20,0.051184311198691525,6
2024-09-21,0.10558539908379316,11
2024-09-22,-0.059005039226677686,9
2024-09-23,-0.06781024166515895,14
2024-09-24,0.1445548851431037,24
2024-09-25,0.050321744866669176,25
2024-09-26,0.23221797899653515,9
2024-09-27,-0.015180426250611032,7
2024-09-28,-0.20166124186168113,6
2024-09-29,-0.05705201148521155,8
2024-09-30,-0.50185885945856,261
2024-10-01,-0.2249603759098266,84
2024-10-02,0.043536681016641,21
2024-10-03,-0.23875419093439212,26
2024-10-04,0.022693170700222254,24
2024-10-05,-0.15239441541156598,7
2024-10-06,0.07052453560754657,2
2024-10-07,-0.5456578836621095,30
2024-10-08,0.006918980814516544,25
2024-10-09,0.1675129088644798,13
2024-10-10,-0.3134573647895685,13
2024-10-11,0.0999689673861632,26
2024-10-12,0.06292841203200321,12
2024-10-13,0.009137234557420016,10
2024-10-14,-0.07087414056461837,28
2024-10-15,-0.0413601798703894,40
2024-10-16,0.12345681259069931,22
2024-10-17,0.047707092352211475,25
2024-10-18,0.06326379408610278,29
2024-10-19,0.023344387638975273,11
2024-10-20,0.2340876720069597,12
2024-10-21,-0.10939691300419244,22
2024-10-22,-0.17004732508897125,68
2024-10-23,0.07604888187987464,35
2024-10-24,-0.15702137827045387,27
2024-10-25,-0.036799821498182915,24
2024-10-26,-0.17731826516011587,13
2024-10-27,-0.17207027495735222,9
2024-10-28,-0.07537130013640438,14
2024-10-29,0.03867894131690264,12
2024-10-30,0.08027833031321113,11
2024-10-31,0.05668798731639981,10
2024-11-01,-0.09295571898110211,16
2024-11-02,0.028477527878501198,11
2024-11-03,-0.06964925346388058,11
2024-11-04,-0.16261238059295074,14
2024-11-05,-0.004003400914371014,10
2024-11-06,-0.09530369335642228,13
2024-11-07,0.04183156515161197,15
2024-11-08,0.108023278452456,25
2024-11-09,-0.20644173137843608,15
2024-11-10,0.1345132002606988,10
2024-11-11,0.3481194303603843,16
2024-11-12,-0.2726523443683982,50
2024-11-13,0.07590254880487919,25
2024-11-14,0.13800004721534523,22
2024-11-15,0.10081098867314202,7
2024-11-16,-0.19105478888377547,4
2024-11-17,0.25203283969312906,4
2024-11-18,0.032285720482468604,10
2024-11-19,0.09308255282008931,21
2024-11-20,0.06879391536737482,6
2024-11-21,0.1548212726155053,23
2024-11-22,0.12285601596037547,18
2024-11-23,0.11639381770510226,8
2024-11-24,0.22068092258026203,3
2024-11-25,0.19121626115520485,16
2024-11-26,0.23073805918517923,14
2024-11-27,0.2655604680661451,11
2024-11-28,-0.05004265500853459,6
2024-11-29,0.23298154480289668,8
2024-11-30,0.08491326570510864,5
2024-12-01,0.1509094818805655,6
2024-12-02,0.11776613554155285,11
2024-12-03,-0.10104331952918853,14
2024-12-04,-0.011245858712265125,13
2024-12-05,-0.06013706442900002,24
2024-12-06,-0.15174582332838327,16
2024-12-07,-0.11348569206893444,2
2024-12-08,0.046337494626641273,6
2024-12-09,-0.01120204275304621,11
2024-12-10,-0.1608009441406466,16
2024-12-11,0.17508380141641414,14
2024-12-12,-0.13629798418842257,10
2024-12-13,0.15503744102482284,7
2024-12-14,-0.1357139196867744,3
2024-12-15,0.039383646100759506,1
2024-12-16,-0.25571522070094943,6
2024-12-17,-0.03949525114148855,15
2024-12-18,0.3022625351376418,18
2024-12-19,0.214208857241002,11
2024-12-20,0.19601445975290102,11
2024-12-21,0.7799774408340454,2
2024-12-22,-0.0017580073326826096,1
2024-12-23,0.18082187592517585,8
2024-12-24,0.036298195676257215,6
2024-12-25,0.3538239110882084,3
2024-12-26,0.20199960051104426,4
2024-12-27,0.43510760669596493,2
2024-12-29,-0.13778867268313963,15
2024-12-30,-0.17198101995403275,17
2024-12-31,-0.37461553948620957,12
2025-01-01,-0.5886680336669088,5
2025-01-02,-0.26880118458603436,13
2025-01-03,0.0825745336090525,33
2025-01-04,-0.009316179528832435,5
2025-01-05,0.047733161598443985,2
2025-01-06,0.161082638161523,7
2025-01-07,0.0733500239273001,28
2025-01-08,0.1999031314626336,27
2025-01-09,0.16186677926759185,19
2025-01-10,0.11804248015819625,22
2025-01-11,0.20800983882509172,4
2025-01-13,0.23203009967174795,9
2025-01-14,0.15157534777627965,19
2025-01-15,0.08460554279960118,13
2025-01-16,0.0030227377428673208,16
2025-01-17,0.0570324850268662,26
2025-01-18,-0.026088866671281203,14
2025-01-19,0.0014460670063272119,8
2025-01-20,0.10702739435840737,11
2025-01-21,-0.05465574795380235,14
2025-01-22,-0.015274733831377132,23
2025-01-23,0.2769464546924128,17
2025-01-24,0.29967452046860543,77
2025-01-25,0.07530547784907478,7
2025-01-26,0.18548748203154122,7
2025-01-27,0.2531653627862825,17
2025-01-28,0.039775365276173466,21
2025-01-29,0.08382775617064908,32
2025-01-30,0.13377633701182073,27
2025-01-31,0.03418801112898758,21
2025-02-01,-0.016749851987697184,8
2025-02-02,0.0970625021659276,17
2025-02-03,0.13671254151468648,29
2025-02-04,0.14850094818717074,36
2025-02-05,0.12796646213779847,30
2025-02-06,0.07090194909168142,21
2025-02-07,0.07944994533318095,16
2025-02-08,0.10262798937037587,10
2025-02-09,0.3997144289314747,5
2025-02-10,0.14280277667076965,19
2025-02-11,0.15304944270544432,11
2025-02-12,0.2510957842071851,6
2025-02-13,0.06418035036096206,13
2025-02-14,0.18980348131691033,13
2025-02-15,-0.02983230324462056,10
2025-02-16,-0.25920787050078314,6
2025-02-17,-0.18578315798991493,14
2025-02-18,0.0658734469459607,13
2025-02-19,0.010982681790159808,18
2025-02-20,0.019233027597268422,15
2025-02-21,0.15947631684442362,21
2025-02-22,0.021180272058007262,21
2025-02-23,0.03051719330251217,5
2025-02-24,0.0528845158047401,13
2025-02-25,0.08377495206271608,27
2025-02-26,0.051896177483006165,26
2025-02-27,-0.060680314843242954,59
2025-02-28,-0.0871026436260973,26
2025-03-01,-0.22344821284059435,8
2025-03-02,0.18300596453870335,21
2025-03-03,0.23652334551193885,28
2025-03-04,0.06390636484138668,16
2025-03-05,0.1361958137925037,22
2025-03-06,0.08677904138012844,17
2025-03-07,-0.11832661985566742,19
2025-03-08,0.252805649568992,7
2025-03-09,-0.20407158003321715,7
2025-03-10,-0.3831018077741776,7
2025-03-11,-0.4658322038893134,39
2025-03-12,-0.17222788477123813,29
2025-03-13,-0.15386029794812203,25
2025-03-14,-0.03665522743876164,13
2025-03-15,-0.1792208186040322,9
2025-03-16,-0.11307242745533586,8
2025-03-17,-0.18345500352351288,19
2025-03-18,0.26351629610483845,30
2025-03-19,0.06773126547923311,40
2025-03-20,0.06421323286538774,55
2025-03-21,0.05450068958103657,25
2025-03-22,-0.04709088065746156,11
2025-03-23,0.11072410495641331,12
2025-03-24,0.1183672710987074,21
2025-03-25,-0.22907101293094456,12
2025-03-26,-0.002703521827546259,12
2025-03-27,-0.1262241262857887,22
2025-03-28,0.06851941471298535,12
2025-03-29,0.18752026713142791,9
2025-03-30,-0.03449777102864841,17
2025-03-31,0.1639103036639946,7
2025-04-01,-0.11448687156662345,10
2025-04-02,-0.29940502537000513,18
2025-04-03,0.2022983785282122,32
2025-04-04,0.05284002866773378,21
2025-04-05,-0.03955573542043567,16
2025-04-06,-0.23229482133562365,6
2025-04-07,0.07704022301671405,12
2025-04-08,0.1522219522989222,14
2025-04-09,0.22299832086029805,19
2025-04-10,0.001551203701334695,24
2025-04-11,-0.060237369034439325,18
2025-04-12,0.005192814498311943,9
2025-04-13,-0.0899691427540448,9
2025-04-14,0.30176978278905153,9
2025-04-15,-0.060162557289004326,13
2025-04-16,0.21297624727178896,14
2025-04-17,0.23680525865139707,14
2025-04-18,0.26750907371751964,8
2025-04-19,0.10513831849675626,8
2025-04-20,-0.008550775636519705,7
2025-04-21,-0.009224663234569809,11
2025-04-22,-0.11672146346480135,62
2025-04-23,-0.24511428022893464,41
2025-04-24,-0.08803044200445023,26
2025-04-25,-0.06317692438864873,18
2025-04-26,-0.45577559899538755,2
2025-04-27,-0.1654617264866829,3
2025-04-28,0.08264207700267434,11
2025-04-29,-0.06473837839439511,6
2025-04-30,0.16281128308425347,15
2025-05-01,-0.32128059584647417,6
2025-05-02,-0.11942682135850191,7
2025-05-03,-0.19011813998222352,5
2025-05-05,0.36899744253605604,4
2025-05-06,-0.37983449548482895,1
2025-05-07,0.23625564544151226,6
2025-05-08,0.1720812428476555,7
2025-05-09,-0.00621033797506243,8
2025-05-10,0.21798859598735967,3
2025-05-11,-0.06675578611479564,11
2025-05-12,0.07602537836646661,16
2025-05-13,0.17630505017363107,13
2025-05-14,0.38401852740207687,16
2025-05-15,0.03160445783287287,5
2025-05-16,-0.023974483204074203,40
2025-05-17,0.14468842061857382,9
2025-05-18,-0.6987638622522354,1
2025-05-19,-0.2576503093518755,17
2025-05-20,-0.09017046951853178,17
2025-05-21,-0.023034296308954556,12
2025-05-22,0.05566741180557169,19
2025-05-23,-0.10842614366362492,15
2025-05-24,0.03892663773149252,4
2025-05-25,-0.22088170871138574,10
2025-05-26,-0.19011994517807448,7
2025-05-27,-0.11631306237541139,8
2025-05-28,-0.0011097709648311138,10
2025-05-29,0.13264946912725767,15
2025-05-30,0.19648698324130642,9
2025-05-31,0.17544215358793736,8
2025-06-01,0.02886827327311039,5
2025-06-02,0.20937163091730326,8
2025-06-03,0.12330002302769572,8
2025-06-04,-0.0464058526029641,11
2025-06-05,-0.06626309667314802,7
2025-06-06,-0.009264054087301096,9
2025-06-07,-0.0408166516572237,11
2025-06-08,0.1547869958449155,6
2025-06-09,-0.05549065340310335,10
2025-06-10,-0.017965792561881244,16
2025-06-11,0.10886477318902811,15
2025-06-12,0.14733746726638997,13
2025-06-13,0.007137262431735342,11
2025-06-14,0.22274818581839403,6
2025-07-02,-0.00676013408228755,10
2025-07-03,0.1322181855461427,7
2025-07-04,-0.07454421594738961,5
2025-07-05,-0.06449626432731748,10
2025-07-06,0.12664338930820426,6
2025-07-07,0.31305664861574767,10
2025-07-08,0.13458192332958183,12
2025-07-09,-0.002787951215663377,17
2025-07-10,0.1662547913763453,17
2025-07-11,-0.10179985483938997,11
2025-07-12,-0.06269657276570798,5
2025-07-13,0.002095753327012062,4
2025-07-14,0.07145349335457597,7
2025-07-15,0.12371022207662463,8
2025-07-16,0.07135264445096254,10
2025-07-17,-0.09752128281715242,11
2025-07-18,-0.0958120261784643,8
2025-07-19,-0.3372331654120769,7
2025-07-20,-0.06630795190317763,9
2025-07-21,0.36958864240412725,81
2025-07-22,0.24511477249186664,42
2025-07-23,0.2932455266127363,24
2025-07-24,0.03315869942889549,32
2025-07-25,-0.00647185594690117,22
2025-07-26,0.1345728215528652,8
2025-07-27,0.060165462231165485,19
2025-07-28,-0.017238585095453476,28
2025-07-29,0.22396662787844737,15
2025-07-30,0.2949843412265182,5
2025-07-31,0.12640568120405077,10
2025-08-01,0.14049960305228046,19
2025-08-02,0.1490699247457087,5
2025-08-03,-0.2593703990181287,6
2025-08-04,-0.24243214103178337,13
2025-08-05,-0.014740686275457082,19
2025-08-06,-0.010243238997645676,12
2025-08-07,-0.013657744353016218,15
2025-08-08,0.1203131778165698,10
2025-08-09,0.6422894776333123,4
2025-08-10,-0.2487258524633944,8
2025-08-11,-0.028163012649331774,7
2025-08-12,0.27827601398651797,6
2025-08-13,0.23082544896751642,10
2025-08-14,-0.07100603036168548,9
2025-08-15,-0.0043775712450345354,12
2025-08-16,0.3863057130947709,1
2025-08-17,0.05170101718977094,8
2025-08-18,-0.22693377246873248,9
2025-08-19,-0.06109978556632996,5
2025-08-20,0.17122304450501413,17
2025-08-21,0.23053097681930432,13
2025-08-22,0.17080850961307684,12
2025-08-23,0.022106263786554337,1
2025-08-24,0.22833220311440527,4
2025-08-25,0.3431177078746259,6
2025-08-26,0.5121281299740076,5
2025-08-27,0.16896448815241455,10
2025-08-28,-0.009330683154985309,12
2025-08-29,0.06607286294456571,8
2025-08-30,-0.5106512595812092,32
2025-08-31,-0.5925439766755229,19
2025-09-01,-0.35195436235517263,10
2025-09-02,-0.28629662934690714,4
2025-09-03,0.14620181154459716,5
2025-09-04,-0.10193275215311183,9
2025-09-05,0.3500114956072399,7
2025-09-06,-0.16227805614471436,1
2025-09-07,0.09606182761490345,1
2025-09-08,-0.4464524732902646,2
2025-09-09,0.3211131077259779,4
2025-09-10,0.17899712113042673,12
2025-09-11,-0.171581241224582,12
2025-09-12,0.34312778726841014,6
2025-09-13,0.1702169985510409,4
2025-09-14,-0.00722363471452679,7
2025-09-15,0.0037641571411354976,22
2025-09-16,0.012169755233282393,11
2025-09-17,0.16965367978749177,12
2025-09-18,0.39584972069133073,12
2025-09-19,0.21691645248793065,10
2025-09-20,0.06771802101284266,10
2025-09-21,0.20346815197262913,8
2025-09-22,0.17317062241232228,18
2025-09-23,0.32150799976079725,16
2025-09-24,0.1709219617769122,11
2025-09-25,0.2881569194647929,23
2025-09-26,0.036039111705926746,13
2025-09-27,-0.3260771706700325,2
2025-09-28,0.201720621320419,8
2025-09-29,0.1879642574031922,22
2025-09-30,0.1938265854259953,20
2025-10-01,0.27412474168730633,14
2025-10-02,0.10559962084516883,16
2025-10-03,0.3508497433892141,12
2025-10-04,-0.011614963761530817,8
2025-10-05,0.18979536110003078,14
2025-10-06,-0.06336119870603499,72
2025-10-07,-0.0682340044528246,20
2025-10-08,0.32377685927349376,64
2025-10-09,-0.07442133776335554,33
2025-10-10,-0.07738289725966752,20
2025-10-11,-0.514923141204885,7
2025-10-12,-0.11363418555508058,6
2025-10-13,0.22906232773161986,17
2025-10-14,0.03814177361450025,14
2025-10-15,0.2826353705798586,9
2025-10-16,0.17074387148022652,10
2025-10-17,-0.2593406189366111,21
2025-10-18,0.3170275871331493,3
2025-10-19,0.007428384386003017,6
2025-10-20,-0.21373592984552184,6
2025-10-21,-0.11335523300138968,14
2025-10-22,-0.1800477289044383,22
2025-10-23,0.00917201250558719,8
2025-10-24,0.19770263056628978,13
2025-10-25,0.03440322829410434,10
2025-10-26,0.14455720662538493,7
2025-10-27,0.37325524871703236,20
2025-10-28,-0.0034875125539573755,11
2025-10-29,0.027146606758998878,44
2025-10-30,0.23444844608787785,22
2025-10-31,0.10494045234684433,7
2025-11-01,-0.24502682189146677,3
2025-11-02,0.5876730553184947,3
2025-11-03,0.26137109791549545,24
2025-11-04,0.2802461670711637,10
2025-11-05,0.01307620775575439,18
2025-11-06,0.19123865285267433,15
2025-11-07,0.156437032442126,9
2025-11-08,-0.11174091883003712,5
2025-11-09,-0.12841635507841906,6
2025-11-10,0.1966183984365601,13
2025-11-11,0.04567108742360558,21
2025-11-12,0.0996611960646179,9
2025-11-13,-0.6302426532113358,46
2025-11-14,-0.5967432416561577,45
2025-11-15,-0.3987366096781833,7
2025-11-16,-0.3520610003421704,9
2025-11-17,-0.0840394219590558,18
2025-11-18,0.17075544518108168,6
2025-11-19,-0.15517933433875442,8
2025-11-20,-0.8604850531960635,69
2025-11-21,-0.48357188276946544,25
2025-11-22,-0.008810049543778101,9
2025-11-23,-0.2825313024222851,10
2025-11-24,0.0735393666351835,18
2025-11-25,-0.21365979372058064,20
2025-11-26,-0.25005132300583155,19
2025-11-27,-0.005434774464982397,17
2025-11-28,-0.1631259872422864,12
2025-11-29,-0.29452835116535425,6
2025-11-30,0.10794719991584618,3
2025-12-01,0.3866944566834718,4
2025-12-02,0.28184667726357776,3
2025-12-03,-0.3571462833012144,6
2025-12-04,-0.19551355191148245,13
2025-12-05,-0.24497172257138622,9
2025-12-06,-0.22416677745059133,4
2025-12-07,0.47760827327147126,2
2025-12-08,-0.1683942492430409,6
2025-12-09,-0.28328856551605797,9
2025-12-10,0.012865831144154072,6
2025-12-11,0.02244697107623021,6
2025-12-12,-0.37535174526274206,10
2025-12-13,0.12860334664583206,4
2025-12-14,0.17043001484125853,2
2025-12-15,-0.23832238524813543,11
2025-12-16,-0.38000907241366805,10
2025-12-17,-0.0229526920709759,10
2025-12-18,0.33922251403475034,13
2025-12-19,0.08077507031460603,3
2025-12-20,-0.20911173662170768,4
2025-12-21,0.20735043920576574,5
2025-12-22,0.0452507920563221,1
2025-12-23,0.014605591177112527,9
2025-12-24,-0.0007437778015931448,3
2025-12-25,0.36048008245415986,4
2025-12-26,0.250290013384074,2
2025-12-27,0.012251032050698996,2
2025-12-28,-0.3464153250679374,3
2025-12-29,-0.35332318235720905,7
2025-12-30,-0.9163993680849671,1
2025-12-31,-0.175368556054309,4
2026-01-01,0.20676936954259872,2
2026-01-02,0.07836146497478087,3
2026-01-03,0.007724471390247345,3
2026-01-04,-0.38025240832939744,2
2026-01-05,0.09289686952251941,8
2026-01-06,0.12163525523448532,11
2026-01-07,0.2147916634567082,2
2026-01-08,-0.5076179810178777,6
2026-01-09,0.1473600436002016,11
2026-01-11,0.08331430796533823,2
2026-01-12,-0.19886447666212917,10
2026-01-13,-0.0486377763392573,22
2026-01-14,-0.5908752935767653,218
2026-01-15,-0.33090727414209836,254
2026-01-16,-0.12691153919037718,78
2026-01-17,-0.36978170748001765,14
2026-01-18,0.06840022304095328,4
2026-01-19,-0.21366769130690955,16
2026-01-20,-0.1862739348784089,20
2026-01-21,-0.15646794980222528,22
2026-01-22,0.10167339694453403,16
2026-01-23,-0.1692980028456077,8
2026-01-24,0.06301965719709794,6
2026-01-25,0.16566121466457845,5
2026-01-26,-0.04220761498436332,10
2026-01-27,0.24791641047017443,9
2026-01-28,-0.10668312226805617,17
2026-01-29,-0.2088557027357941,12
2026-01-30,0.23585406370551848,41
2026-01-31,0.11191384587436914,14
2026-02-01,-0.12978983235855898,3
2026-02-02,0.3159121186860527,24
2026-02-03,0.27550204971339554,16
2026-02-04,0.1314389869570732,10
2026-02-05,-0.23546236039449772,12
2026-02-06,0.2389797225801481,9
2026-02-07,0.1539743964870771,6
2026-02-08,-0.3529922887682915,2
2026-02-09,-0.2179421649959225,13
2026-02-10,-0.20497530023567379,8
2026-02-11,0.043900319582058325,9
2026-02-12,0.23864297959953545,5
2026-02-13,-0.2516535958275199,3
2026-02-14,-0.517128111096099,4
2026-02-15,0.05806131288409233,4
2026-02-16,-0.32440296063820523,6
2026-02-17,-0.24892179062590003,5
2026-02-18,0.2395608929747885,11
2026-02-19,0.0026648227125406266,10
2026-02-20,-0.08932126659367766,7
2026-02-21,0.04964908696711064,5
2026-02-23,0.09433330145354073,6
2026-02-24,-0.008016171865165234,4
2026-02-25,0.11843109004465598,7
2026-02-26,0.06892762180756438,11
2026-02-27,-0.13913847024862966,6
2026-02-28,0.16195762529969215,1
2026-03-02,-0.09209981860799922,9
2026-03-03,-0.21273074357304722,8
2026-03-04,0.6310790081818899,3
2026-03-05,0.04511572141200304,2
2026-03-06,0.11483234614133835,5
2026-03-07,0.6063242999371141,4
2026-03-09,-0.11639618373010308,8
2026-03-10,0.36610055407509207,5
2026-03-11,-0.2937371975609234,7
2026-03-12,0.05309801863040775,8
2026-03-13,0.34934856396700653,7
2026-03-14,0.14885218986975296,7
2026-03-15,-0.3080952351447195,4
2026-03-16,0.0894117767456919,4
2026-03-17,-0.07111833958576123,6
2026-03-18,-0.34595806368937093,3
2026-03-19,-0.003071445661286513,9
2026-03-20,0.2003400685886542,6
2026-03-21,0.5146332420408726,4
2026-03-22,-0.7229727264493704,1
2026-03-23,0.45176619863403694,7
2026-03-24,-0.20913972472772002,4
2026-03-25,0.13824177579954267,4
2026-03-26,0.07993692470093568,9
2026-03-27,0.03144125891849399,10
2026-03-28,0.41418130975216627,2
2026-03-30,0.20526387002319096,10
2026-03-31,-0.009063798660302864,17
2026-04-01,0.13542199227958918,16
2026-04-02,0.3356682324471573,6
2026-04-03,0.03013214897364378,5
2026-04-04,0.434215956988434,3
2026-04-05,-0.0009553581476211548,1
2026-04-06,-0.012150057405233384,5
