Buy Day,Sell Day,Buy Price,Predicted Sell,Actual Sell,Profit/Loss,Gain %,Cumulative Profit
71,72,$34.87,$35.02,$34.62,$-0.25,-0.70%,$-0.25
72,73,$34.62,$34.67,$35.01,$0.39,1.11%,$0.14
90,91,$35.78,$35.85,$35.39,$-0.39,-1.10%,$-0.25
91,92,$35.39,$35.92,$35.73,$0.35,0.98%,$0.10
92,93,$35.73,$36.01,$35.43,$-0.30,-0.85%,$-0.21
93,94,$35.43,$36.12,$35.44,$0.01,0.03%,$-0.20
94,95,$35.44,$36.26,$35.75,$0.31,0.88%,$0.11
95,96,$35.75,$36.39,$36.07,$0.32,0.90%,$0.43
96,97,$36.07,$36.34,$34.39,$-1.68,-4.67%,$-1.25
97,98,$34.39,$35.98,$35.37,$0.98,2.85%,$-0.27
98,99,$35.37,$35.65,$35.18,$-0.19,-0.53%,$-0.46
99,100,$35.18,$35.51,$34.94,$-0.24,-0.68%,$-0.70
100,101,$34.94,$35.44,$35.35,$0.41,1.17%,$-0.29
101,102,$35.35,$35.40,$35.72,$0.37,1.03%,$0.08
103,104,$35.18,$35.35,$34.92,$-0.26,-0.73%,$-0.18
104,105,$34.92,$35.34,$34.68,$-0.24,-0.69%,$-0.42
105,106,$34.68,$35.32,$34.65,$-0.04,-0.10%,$-0.46
106,107,$34.65,$35.31,$35.04,$0.39,1.13%,$-0.06
107,108,$35.04,$35.31,$35.02,$-0.02,-0.05%,$-0.08
108,109,$35.02,$35.30,$35.17,$0.15,0.43%,$0.07
109,110,$35.17,$35.30,$35.45,$0.28,0.79%,$0.35
118,119,$35.30,$35.43,$35.45,$0.15,0.43%,$0.50
119,120,$35.45,$35.46,$35.13,$-0.32,-0.90%,$0.18
120,121,$35.13,$35.48,$35.40,$0.28,0.79%,$0.45
121,122,$35.40,$35.46,$35.07,$-0.34,-0.96%,$0.11
122,123,$35.07,$35.43,$34.83,$-0.23,-0.66%,$-0.12
123,124,$34.83,$35.40,$35.93,$1.10,3.15%,$0.98
132,133,$36.01,$36.10,$35.43,$-0.58,-1.61%,$0.40
133,134,$35.43,$36.13,$35.44,$0.01,0.03%,$0.41
134,135,$35.44,$36.14,$35.34,$-0.10,-0.28%,$0.31
135,136,$35.34,$36.18,$35.16,$-0.19,-0.53%,$0.12
136,137,$35.16,$36.20,$35.71,$0.55,1.57%,$0.67
137,138,$35.71,$36.16,$35.85,$0.14,0.40%,$0.82
138,139,$35.85,$36.10,$35.85,$0.00,0.00%,$0.82
139,140,$35.85,$36.03,$36.68,$0.83,2.31%,$1.65
159,160,$35.40,$36.69,$35.21,$-0.18,-0.51%,$1.46
160,161,$35.21,$36.61,$35.92,$0.71,2.01%,$2.17
161,162,$35.92,$36.61,$36.17,$0.25,0.71%,$2.42
162,163,$36.17,$36.62,$36.30,$0.13,0.35%,$2.55
163,164,$36.30,$36.61,$36.25,$-0.05,-0.15%,$2.50
164,165,$36.25,$36.60,$36.26,$0.01,0.02%,$2.51
165,166,$36.26,$36.60,$36.69,$0.43,1.20%,$2.94
169,170,$36.04,$36.63,$36.46,$0.42,1.16%,$3.36
170,171,$36.46,$36.64,$36.47,$0.02,0.05%,$3.38
171,172,$36.47,$36.65,$36.69,$0.22,0.60%,$3.59
177,178,$36.26,$36.72,$36.77,$0.52,1.42%,$4.11
182,183,$37.01,$37.03,$37.32,$0.31,0.83%,$4.42
187,188,$37.35,$37.53,$37.83,$0.48,1.28%,$4.90
224,225,$38.16,$39.13,$39.42,$1.25,3.28%,$6.15
226,227,$38.50,$39.01,$38.05,$-0.44,-1.15%,$5.71
227,228,$38.05,$38.95,$38.28,$0.22,0.58%,$5.93
228,229,$38.28,$38.92,$38.01,$-0.27,-0.70%,$5.66
229,230,$38.01,$38.93,$37.96,$-0.05,-0.12%,$5.61
230,231,$37.96,$38.95,$38.74,$0.78,2.06%,$6.40
231,232,$38.74,$38.94,$38.04,$-0.71,-1.83%,$5.69
232,233,$38.04,$38.92,$37.76,$-0.28,-0.73%,$5.41
233,234,$37.76,$38.90,$37.94,$0.18,0.49%,$5.60
234,235,$37.94,$38.89,$37.85,$-0.09,-0.24%,$5.50
235,236,$37.85,$38.87,$37.31,$-0.54,-1.43%,$4.96
236,237,$37.31,$38.84,$37.23,$-0.08,-0.22%,$4.88
237,238,$37.23,$38.82,$37.19,$-0.04,-0.10%,$4.84
238,239,$37.19,$38.80,$37.15,$-0.04,-0.10%,$4.80
239,240,$37.15,$38.78,$37.83,$0.68,1.83%,$5.49
240,241,$37.83,$38.78,$37.59,$-0.25,-0.66%,$5.24
241,242,$37.59,$38.79,$38.30,$0.72,1.91%,$5.95
242,243,$38.30,$38.79,$38.85,$0.55,1.44%,$6.51
244,245,$38.56,$38.81,$38.83,$0.27,0.69%,$6.77
254,255,$39.10,$39.88,$39.13,$0.03,0.07%,$6.80
255,256,$39.13,$39.94,$38.96,$-0.17,-0.42%,$6.63
256,257,$38.96,$39.97,$38.96,$-0.01,-0.02%,$6.63
257,258,$38.96,$39.97,$38.90,$-0.06,-0.14%,$6.57
258,259,$38.90,$39.96,$38.62,$-0.29,-0.73%,$6.29
259,260,$38.62,$39.96,$38.70,$0.08,0.21%,$6.37
260,261,$38.70,$39.95,$38.88,$0.18,0.48%,$6.55
261,262,$38.88,$39.94,$37.59,$-1.29,-3.31%,$5.26
262,263,$37.59,$40.07,$37.50,$-0.09,-0.24%,$5.17
263,264,$37.50,$40.00,$37.01,$-0.50,-1.32%,$4.68
264,265,$37.01,$39.87,$36.76,$-0.25,-0.67%,$4.43
265,266,$36.76,$39.74,$36.72,$-0.04,-0.10%,$4.39
266,267,$36.72,$39.28,$36.73,$0.01,0.03%,$4.40
267,268,$36.73,$39.15,$36.60,$-0.13,-0.35%,$4.27
268,269,$36.60,$39.07,$36.75,$0.15,0.40%,$4.42
269,270,$36.75,$39.03,$36.71,$-0.04,-0.10%,$4.38
270,271,$36.71,$39.01,$36.42,$-0.29,-0.80%,$4.09
271,272,$36.42,$38.98,$36.78,$0.36,0.98%,$4.45
272,273,$36.78,$38.93,$36.98,$0.20,0.55%,$4.65
273,274,$36.98,$38.84,$37.02,$0.05,0.12%,$4.69
274,275,$37.02,$38.73,$36.43,$-0.60,-1.61%,$4.10
275,276,$36.43,$38.63,$35.79,$-0.63,-1.74%,$3.46
276,277,$35.79,$38.51,$35.81,$0.02,0.05%,$3.48
277,278,$35.81,$38.39,$35.39,$-0.42,-1.18%,$3.06
278,279,$35.39,$38.27,$35.68,$0.29,0.82%,$3.35
279,280,$35.68,$38.13,$35.83,$0.15,0.42%,$3.50
280,281,$35.83,$38.01,$35.73,$-0.09,-0.26%,$3.40
281,282,$35.73,$37.93,$35.88,$0.15,0.42%,$3.55
282,283,$35.88,$37.86,$36.30,$0.41,1.15%,$3.97
283,284,$36.30,$37.82,$36.52,$0.22,0.62%,$4.19
284,285,$36.52,$37.83,$36.45,$-0.07,-0.18%,$4.12
285,286,$36.45,$37.79,$36.67,$0.22,0.59%,$4.34
286,287,$36.67,$37.74,$37.01,$0.34,0.92%,$4.68
287,288,$37.01,$37.69,$38.04,$1.03,2.78%,$5.71
291,292,$36.94,$37.52,$36.87,$-0.07,-0.20%,$5.63
292,293,$36.87,$37.53,$37.42,$0.55,1.50%,$6.18
293,294,$37.42,$37.54,$37.26,$-0.16,-0.43%,$6.02
294,295,$37.26,$37.56,$37.56,$0.30,0.80%,$6.32
295,296,$37.56,$37.59,$37.38,$-0.18,-0.47%,$6.15
296,297,$37.38,$37.62,$37.32,$-0.06,-0.15%,$6.09
297,298,$37.32,$37.67,$37.39,$0.07,0.18%,$6.16
298,299,$37.39,$37.71,$37.90,$0.51,1.35%,$6.66
386,387,$39.80,$40.81,$39.63,$-0.17,-0.43%,$6.49
387,388,$39.63,$40.71,$39.65,$0.03,0.07%,$6.52
388,389,$39.65,$40.60,$40.28,$0.63,1.58%,$7.15
389,390,$40.28,$40.56,$40.54,$0.26,0.64%,$7.40
391,392,$40.05,$40.51,$40.04,$-0.02,-0.05%,$7.38
392,393,$40.04,$40.49,$40.24,$0.20,0.50%,$7.58
393,394,$40.24,$40.46,$41.15,$0.91,2.27%,$8.50
398,399,$40.70,$41.03,$40.95,$0.25,0.61%,$8.74
399,400,$40.95,$41.31,$40.52,$-0.43,-1.05%,$8.32
400,401,$40.52,$41.38,$40.62,$0.09,0.23%,$8.41
401,402,$40.62,$41.35,$40.22,$-0.40,-0.98%,$8.01
402,403,$40.22,$41.32,$40.18,$-0.04,-0.10%,$7.98
403,404,$40.18,$41.29,$39.87,$-0.31,-0.77%,$7.67
404,405,$39.87,$41.24,$39.86,$-0.01,-0.02%,$7.66
405,406,$39.86,$41.17,$39.57,$-0.29,-0.73%,$7.37
406,407,$39.57,$41.08,$39.47,$-0.11,-0.27%,$7.26
407,408,$39.47,$41.02,$41.06,$1.59,4.04%,$8.85
420,421,$40.92,$40.93,$41.50,$0.58,1.42%,$9.43
452,453,$41.71,$41.75,$41.89,$0.18,0.44%,$9.62
454,455,$41.73,$41.78,$41.89,$0.16,0.39%,$9.78
457,458,$41.79,$41.84,$42.47,$0.68,1.62%,$10.46
466,467,$39.17,$39.25,$39.07,$-0.10,-0.25%,$10.36
467,468,$39.07,$39.24,$39.86,$0.79,2.01%,$11.15
474,475,$39.12,$39.17,$37.75,$-1.38,-3.52%,$9.77
475,476,$37.75,$39.04,$38.16,$0.41,1.09%,$10.18
476,477,$38.16,$38.96,$38.56,$0.40,1.06%,$10.59
477,478,$38.56,$38.93,$38.65,$0.09,0.23%,$10.67
478,479,$38.65,$38.91,$39.52,$0.87,2.26%,$11.55
480,481,$38.30,$38.67,$39.06,$0.77,2.00%,$12.32
